ID,SMILES_no_chiral,SMILES_chiral,NPL_score
FQNP502,c1cc2c(cc1C1OCC3C(c4ccc5c(c4)OCO5)OCC13)OCO2,c1cc2c(cc1C1OCC3C(c4ccc5c(c4)OCO5)OCC13)OCO2,0.747
FQNP281,C=C(C)C(C)(C)CCC(C)C1CCC2(C)C3CCC4C(C)(C)C5CCC4(O5)C3(C)CCC12C,C=C(C)C(C)(C)CC[C@@H](C)[C@H]1CC[C@@]2(C)C3CCC4C(C)(C)[C@@H]5CC[C@]4(O5)[C@]3(C)CC[C@]12C,2.665
FQNP553,C=C(C)C1(OO)CCC2(C)CCCC(C)(N=C=S)C2C1,C=C(C)[C@]1(OO)CC[C@@]2(C)CCC[C@@](C)(N=C=S)[C@@H]2C1,2.999
FQNP552,C=C(C)C1(O)CCC2(C)CCCC(C)(N=C=S)C2C1,C=C(C)[C@]1(O)CC[C@@]2(C)CCC[C@@](C)(N=C=S)[C@@H]2C1,2.841
FQNP639,COc1cc2c3c(c(SCCC(N)=O)c4c(OC)cccc4c3c1OC)NOC2=O,COc1cc2c3c(c(SCCC(N)=O)c4c(OC)cccc4c3c1OC)NOC2=O,0.265
FQNP640,COc1cc(C=CC(=O)CSc2c3c4c(cc(OC)c(OC)c4c4cccc(OC)c24)C(=O)ON3)ccc1O,COc1cc(C=CC(=O)CSc2c3c4c(cc(OC)c(OC)c4c4cccc(OC)c24)C(=O)ON3)ccc1O,0.651
FQNP262,Oc1cc(O)cc(O)c1,Oc1cc(O)cc(O)c1,0.771
FQNP315,Oc1ccc(CCc2cc(O)cc(O)c2)cc1,Oc1ccc(CCc2cc(O)cc(O)c2)cc1,0.704
FQNP314,Oc1cccc(CCc2cc(O)cc(O)c2)c1,Oc1cccc(CCc2cc(O)cc(O)c2)c1,0.656
FQNP394,Cc1cc(O)cc(O)c1,Cc1cc(O)cc(O)c1,0.868
FQNP513,Cc1coc2c(O)c3c(c(C)c12)C(C)CCC3,Cc1coc2c(O)c3c(c(C)c12)[C@@H](C)CCC3,1.64
FQNP608,CCCCCc1cc(O)c2c(c1)OC(C)(C)C1CCC3(C)OC3C21,CCCCCc1cc(O)c2c(c1)OC(C)(C)[C@H]1CC[C@@]3(C)O[C@H]3[C@H]21,2.219
FQNP605,CCCCCc1cc(O)c2c(c1)OC(C)(C)C1CCC(C)C(=O)C21,CCCCCc1cc(O)c2c(c1)OC(C)(C)[C@H]1CCC(C)C(=O)C21,1.827
FQNP257,Oc1cc2c(cc1O)C1c3ccc(O)c(O)c3OCC1(O)C2,Oc1cc2c(cc1O)[C@@H]1c3ccc(O)c(O)c3OC[C@]1(O)C2,2.202
FQNP258,Oc1ccc2c(c1)OCC1(O)Cc3cc(O)c(O)cc3C21,Oc1ccc2c(c1)OC[C@]1(O)Cc3cc(O)c(O)cc3[C@H]21,2.219
FQNP289,Cc1ccc(C(C)CCC2OC2(C)C)cc1O,Cc1ccc([C@H](C)CCC2OC2(C)C)cc1O,1.486
FQNP288,CC(C)=CCCC(C)c1ccc(C)c(O)c1,CC(C)=CCC[C@@H](C)c1ccc(C)c(O)c1,1.417
FQNP479,Cc1cc2c(C(C)C)ccc(C)c2cc1O,Cc1cc2c(C(C)C)ccc(C)c2cc1O,0.869
FQNP475,Cc1cc2c(cc1O)C1(O)Cc3c(c(C)cc4c(C(C)C)ccc(C)c34)OC1CC2C(C)C,Cc1cc2c(cc1O)[C@]1(O)Cc3c(c(C)cc4c(C(C)C)ccc(C)c34)O[C@@H]1C[C@H]2C(C)C,1.743
FQNP617,Cc1cc2c(cc1O)C(C)CCC2C(C)C,Cc1cc2c(cc1O)C(C)CC[C@@H]2C(C)C,1.863
FQNP384,CC(C)=CCCC(C)c1ccc(O)c(C)c1,CC(C)=CCC[C@@H](C)c1ccc(O)c(C)c1,1.418
FQNP146,Cc1ccc(C(C)C)c(O)c1,Cc1ccc(C(C)C)c(O)c1,0.35
FQNP615,CC1(C)CC2(C)C1CCC1(C)CC2(O)CCC1O,CC1(C)C[C@@]2(C)[C@H]1CC[C@@]1(C)C[C@]2(O)CCC1O,2.869
FQNP474,CC1=CC2C(C(C)C)CCC(C)(O)C2CC1,CC1=C[C@H]2[C@H](C(C)C)CC[C@](C)(O)[C@@H]2CC1,3.136
FQNP292,Oc1ccc(C23Oc4cc(O)cc(O)c4C(c4c(cc(O)c5c4OC(c4ccc(O)c(O)c4)C(O)C5)O2)C3O)cc1,Oc1ccc([C@]23Oc4cc(O)cc(O)c4[C@H](c4c(cc(O)c5c4O[C@H](c4ccc(O)c(O)c4)[C@@H](O)C5)O2)[C@H]3O)cc1,2.188
FQNP493,CC(C)C1CC2C(C3CC2(C)OO3)C(C)(O)C(O)C1,CC(C)[C@@H]1C[C@H]2[C@@H]([C@H]3C[C@]2(C)OO3)[C@@](C)(O)[C@H](O)C1,2.971
FQNP274,Oc1cc(O)c2c(c1)OC(c1ccc(O)c(O)c1)C(O)C2,Oc1cc(O)c2c(c1)O[C@H](c1ccc(O)c(O)c1)[C@H](O)C2,2.304
FQNP625,CC(C)C1C=CC(C)(O)C(O)C1O,CC(C)[C@H]1C=C[C@](C)(O)[C@H](O)[C@@H]1O,1.93
FQNP624,CC(C)C1C=CC(C)(O)C(O)C1O,CC(C)[C@H]1C=C[C@@](C)(O)[C@H](O)[C@@H]1O,1.93
FQNP604,CCCCCc1cc(O)c2c(c1)OC(C)(C)C1CC(O)C(C)=CC21,CCCCCc1cc(O)c2c(c1)OC(C)(C)[C@H]1C[C@@H](O)C(C)=C[C@@H]21,2.29
FQNP607,C=C1CCC2C(c3c(O)cc(CCCCC)cc3OC2(C)C)C1O,C=C1CC[C@H]2[C@@H](c3c(O)cc(CCCCC)cc3OC2(C)C)[C@H]1O,2.16
FQNP398,C=CC(O)C#CC#CC(O)C=CCCCCCCC,C=C[C@@H](O)C#CC#C[C@@H](O)/C=C\CCCCCCC,2.391
FQNP402,Cc1ccc2c(c1)OC1OC3(CCC21O)c1ccc(C)cc1OC3C,Cc1ccc2c(c1)OC1O[C@]3(CC[C@]21O)c1ccc(C)cc1O[C@@H]3C,1.658
FQNP26,C=C(C)C12OC1C1(C)C(=CC2O)CCC(O)C1C,C=C(C)[C@@]12O[C@@H]1[C@@]1(C)C(=C[C@@H]2O)CC[C@@H](O)[C@@H]1C,3.48
FQNP603,CCCCCc1cc(O)c2c(c1)OC(C)(C)C1CCC(C)(O)C(O)C21,CCCCCc1cc(O)c2c(c1)OC(C)(C)[C@@H]1CC[C@](C)(O)[C@@H](O)[C@@H]21,2.069
FQNP610,CCCCCc1cc(O)c2c(c1)OC(C)(C)C1CCC(C)(O)C(O)C21,CCCCCc1cc(O)c2c(c1)OC(C)(C)[C@H]1CC[C@](C)(O)[C@@H](O)[C@H]21,2.069
FQNP194,Oc1cc(O)c2c(c1)OC(c1ccc(O)c(O)c1)C(O)C2,Oc1cc(O)c2c(c1)O[C@@H](c1ccc(O)c(O)c1)[C@@H](O)C2,2.304
FQNP492,C=C1CC(O)C23C(C)CCC(CC12)C3(C)C,C=C1C[C@H](O)[C@@]23[C@H]1C[C@@H](CC[C@H]2C)C3(C)C,2.444
FQNP293,Oc1ccc(C2Oc3c(c(O)cc4c3C3c5c(O)cc6c(c5OC(c5ccc(O)cc5)(O4)C3O)C3c4c(O)cc(O)cc4OC(c4ccc(O)cc4)(O6)C3O)CC2O)cc1,Oc1ccc([C@H]2Oc3c(c(O)cc4c3[C@H]3c5c(O)cc6c(c5O[C@@](c5ccc(O)cc5)(O4)[C@H]3O)[C@H]3c4c(O)cc(O)cc4O[C@@](c4ccc(O)cc4)(O6)[C@@H]3O)C[C@@H]2O)cc1,1.422
FQNP374,Cc1ccc2c(c1)OC(O)C21CCC2(O)c3cccc(C)c3OC2O1,Cc1ccc2c(c1)O[C@H](O)[C@]21CC[C@@]2(O)c3cccc(C)c3O[C@H]2O1,1.711
FQNP576,C=CC1=C(C)C2OC(O)CC3C(C)(C)CCCC3(C)C2CC1,C=CC1=C(C)[C@@H]2O[C@@H](O)C[C@H]3C(C)(C)CCC[C@]3(C)[C@H]2CC1,2.852
FQNP495,Cc1cccc(C)c1C1CC2C3CC4(C)OC5(CCC(C)CC5)C(C)C4C3(C)CCC2(C)C2(C)CCC(O)CC12,Cc1cccc(C)c1[C@H]1CC2[C@@H]3C[C@]4(C)OC5(CCC(C)CC5)[C@@H](C)[C@@H]4[C@@]3(C)CC[C@]2(C)[C@@]2(C)CC[C@H](O)C[C@H]12,1.815
FQNP144,CCC(CCC(C)C1CCC2C3CC=C4CC(O)CCC4(C)C3CCC12C)C(C)C,CC[C@H](CC[C@@H](C)[C@H]1CC[C@H]2[C@@H]3CC=C4C[C@@H](O)CC[C@]4(C)[C@H]3CC[C@@]21C)C(C)C,2.681
FQNP324,CC(C)C(C)C=CC(C)C1CCC2C3=CC=C4CC(O)CCC4(C)C3CCC21C,CC(C)[C@@H](C)/C=C/[C@@H](C)[C@H]1CC[C@H]2C3=CC=C4C[C@@H](O)CC[C@]4(C)[C@H]3CC[C@@]21C,3.039
FQNP348,C=C(C)C(C)CCC(C)C1CCC2(C)C3CCC4C(C)(C)C(O)CCC45CC35CCC12C,C=C(C)[C@@H](C)CC[C@@H](C)[C@H]1CC[C@@]2(C)[C@@H]3CC[C@H]4C(C)(C)[C@@H](O)CC[C@@]45C[C@@]35CC[C@]12C,3.246
FQNP143,CC1(C)CCC2(C)CCC3(C)C(=CCC4C5(C)CCC(O)C(C)(C)C5CCC43C)C2C1,CC1(C)CC[C@]2(C)CC[C@]3(C)C(=CC[C@@H]4[C@@]5(C)CC[C@H](O)C(C)(C)[C@@H]5CC[C@]43C)[C@@H]2C1,3.289
FQNP644,CCC(CCC(C)C1CCC2C3CC=C4C(C)(C)C(O)CCC4(C)C3CCC12C)C(C)C,CC[C@H](CCC(C)C1CCC2C3CC=C4C(C)(C)[C@@H](O)CC[C@]4(C)C3CC[C@]12C)C(C)C,2.781
FQNP275,C=C(C)C(C)(C)CCC(C)C1CCC2(C)C3CCC4C(C)(C)C(O)CCC45CC35CCC12C,C=C(C)C(C)(C)CC[C@@H](C)[C@H]1CC[C@@]2(C)C3CCC4C(C)(C)[C@@H](O)CC[C@@]45C[C@@]35CC[C@]12C,2.989
FQNP283,C=C(C)C(C)CCC(C)C1CCC2(C)C3CCC4C(C)(CCC(O)C4(C)C)C3=CCC12C,C=C(C)[C@@H](C)CC[C@@H](C)[C@H]1CC[C@@]2(C)C3CCC4C(C)(C)[C@@H](O)CC[C@]4(C)C3=CC[C@]12C,3.478
FQNP284,C=C(C)C(C)(C)CCC(C)C1CCC2(C)C3CCC4C(C)(CCC(O)C4(C)C)C3=CCC12C,C=C(C)C(C)(C)CC[C@@H](C)[C@H]1CC[C@@]2(C)C3CCC4C(C)(C)[C@@H](O)CC[C@]4(C)C3=CC[C@]12C,3.214
FQNP645,CC1CCC2(C)CCC3(C)C(=CCC4C5(C)CCC(O)C(C)(C)C5CCC43C)C2C1C,C[C@@H]1C2C3=CCC4[C@@]5(C)CC[C@H](O)C(C)(C)C5CC[C@@]4(C)[C@]3(C)CC[C@@]2(C)CC[C@H]1C,3.255
FQNP35,CC(O)C(O)CC1OCc2c(O)cccc21,C[C@H](O)[C@H](O)C[C@H]1OCc2c(O)cccc21,1.976
FQNP426,CC1CCC2C1C1C(CCC2(C)O)C1(C)CO,C[C@@H]1CC[C@H]2[C@@H]1C1[C@@H](CC[C@]2(C)O)[C@@]1(C)CO,3.237
FQNP202,CC1CCC2(CO)CCC3(C)C(=CCC4C5(C)CCC(O)C(C)(C)C5CCC43C)C2C1C,C[C@@H]1[C@H]2C3=CC[C@@H]4[C@@]5(C)CC[C@H](O)C(C)(C)[C@@H]5CC[C@@]4(C)[C@]3(C)CC[C@@]2(CO)CC[C@H]1C,3.281
FQNP322,OCCc1ccc(O)cc1,OCCc1ccc(O)cc1,0.811
FQNP583,OCCN1CC(O)C(O)C(O)C1CO,OCCN1C[C@H](O)[C@@H](O)[C@H](O)[C@H]1CO,1.648
FQNP574,C=CC1=C(CO)C2OC(O)CC3C(C)(C)CCCC3(C)C2CC1,C=CC1=C(CO)[C@@H]2O[C@@H](O)C[C@H]3C(C)(C)CCC[C@]3(C)[C@H]2CC1,2.929
FQNP613,CCC(C=CC(C)C1CCC2C3=CCC4CC(O)CCC4(C)C3CCC21C)C(C)C,CCC(C=CC(C)C1CCC2C3=CCC4CC(O)CCC4(C)C3CCC21C)C(C)C,2.85
FQNP614,OC1C(O)C(O)C(O)C(O)C1O,OC1C(O)C(O)C(O)C(O)C1O,0.677
FQNP480,CC1=C2CC(=O)C(C)CC2C(C(C)C)C=C1,CC1=C2CC(=O)C(C)CC2C(C(C)C)C=C1,1.692
FQNP643,CC1(C)[C-2]CCC(C)(O)C(O)CCC(C)(O)CC1,CC1(C)[C-2]CCC(C)(O)C(O)CCC(C)(O)CC1,1.746
FQNP508,CC1=CCCC(CO)=CCC2CCC(C)(O)C(CC1)C2(C)C,C/C1=C\CC/C(CO)=C/C[C@@H]2CC[C@](C)(O)[C@@H](CC1)C2(C)C,2.779
FQNP290,Cc1ccc(C(C)CCC(O)C(C)(C)O)cc1O,Cc1ccc([C@H](C)CCC(O)C(C)(C)O)cc1O,1.368
FQNP125,O=Cc1ccc(O)cc1,O=Cc1ccc(O)cc1,0.823
FQNP270,CC1C(=O)CCC2C1(C)CCC1C2(C)CCC2(C)C3CC(C)(C)CCC3(C=O)CCC12C,CC1C(=O)CC[C@@H]2[C@]1(C)CC[C@H]1[C@@]2(C)CC[C@@]2(C)[C@@H]3CC(C)(C)CC[C@]3(C=O)CC[C@]12C,2.64
FQNP346,C=C(C)C(C)CCC(C)C1CCC2(C)C3CCC4C(C)(C)C(OC=O)CCC45CC35CCC12C,C=C(C)[C@@H](C)CC[C@@H](C)[C@H]1CC[C@@]2(C)C3CCC4C(C)(C)[C@@H](OC=O)CC[C@@]45C[C@@]35CC[C@]12C,3.204
FQNP185,CC1=C2C(CCC1)C(=O)c1occ(C)c1C2(C)O,CC1=C2C(CCC1)C(=O)c1occ(C)c1[C@@]2(C)O,1.806
FQNP514,CC1=C2C(CCC1)C(=O)c1occ(C)c1C2(C)O,CC1=C2C(CCC1)C(=O)c1occ(C)c1[C@]2(C)O,1.806
FQNP599,Oc1cccc2cc3ccccc3cc12,Oc1cccc2cc3ccccc3cc12,0.252
FQNP561,O=C1CC(c2ccccc2)Oc2cc(O)ccc21,O=C1CC(c2ccccc2)Oc2cc(O)ccc21,1.293
FQNP600,O=C1CCC2(Oc3cccc4cccc(c34)O2)c2cccc(O)c21,O=C1CCC2(Oc3cccc4cccc(c34)O2)c2cccc(O)c21,1.421
FQNP191,Cc1cc(O)c2c(c1)C(=O)c1c(O)cccc1C2=O,Cc1cc(O)c2c(c1)C(=O)c1c(O)cccc1C2=O,0.913
FQNP601,O=C1CCC2(Oc3cccc4cccc(c34)O2)c2c(O)ccc(O)c21,O=C1CCC2(Oc3cccc4cccc(c34)O2)c2c(O)ccc(O)c21,1.447
FQNP214,O=C1CC(c2ccccc2)Oc2cc(O)cc(O)c21,O=C1CC(c2ccccc2)Oc2cc(O)cc(O)c21,1.651
FQNP216,O=c1cc(-c2ccccc2)oc2cc(O)cc(O)c12,O=c1cc(-c2ccccc2)oc2cc(O)cc(O)c12,1.226
FQNP317,O=c1cc(-c2ccc(O)cc2)oc2cc(O)cc(O)c12,O=c1cc(-c2ccc(O)cc2)oc2cc(O)cc(O)c12,1.358
FQNP342,Cc1cc(O)c2c(c1)C(=O)c1cc(O)cc(O)c1C2=O,Cc1cc(O)c2c(c1)C(=O)c1cc(O)cc(O)c1C2=O,1.194
FQNP140,O=c1cc(-c2ccc(O)cc2)oc2c(C3OC(CO)C(O)C(O)C3O)c(O)cc(O)c12,O=c1cc(-c2ccc(O)cc2)oc2c([C@@H]3O[C@H](CO)[C@@H](O)[C@H](O)[C@H]3O)c(O)cc(O)c12,1.978
FQNP117,O=c1cc(-c2ccc(O)c(-c3c(O)cc(O)c4c(=O)cc(-c5ccc(O)cc5)oc34)c2)oc2cc(O)cc(O)c12,O=c1cc(-c2ccc(O)c(-c3c(O)cc(O)c4c(=O)cc(-c5ccc(O)cc5)oc34)c2)oc2cc(O)cc(O)c12,1.234
FQNP630,CC(C)=CCc1c2c(c(O)c3c1OC(c1ccc(O)cc1)CC3=O)C=CC(C)(C)O2,CC(C)=CCc1c2c(c(O)c3c1OC(c1ccc(O)cc1)CC3=O)C=CC(C)(C)O2,2.798
FQNP118,O=c1cc(-c2ccc(O)c(-c3c(O)cc4oc(-c5ccc(O)cc5)cc(=O)c4c3O)c2)oc2cc(O)cc(O)c12,O=c1cc(-c2ccc(O)c(-c3c(O)cc4oc(-c5ccc(O)cc5)cc(=O)c4c3O)c2)oc2cc(O)cc(O)c12,1.184
FQNP119,O=C1CC(c2ccc(O)c(-c3c(O)cc4oc(-c5ccc(O)cc5)cc(=O)c4c3O)c2)Oc2cc(O)cc(O)c21,O=C1CC(c2ccc(O)c(-c3c(O)cc4oc(-c5ccc(O)cc5)cc(=O)c4c3O)c2)Oc2cc(O)cc(O)c21,1.578
FQNP319,O=c1cc(-c2ccc(O)cc2)oc2cc(O)c(C3OC(CO)C(O)C(O)C3O)c(O)c12,O=c1cc(-c2ccc(O)cc2)oc2cc(O)c([C@@H]3O[C@H](CO)[C@@H](O)[C@H](O)[C@H]3O)c(O)c12,1.991
FQNP36,C=C1OC(=O)C2(C(=O)C(O)CCC2C)C1O,C=C1OC(=O)[C@@]2(C(=O)C(O)CC[C@H]2C)[C@@H]1O,2.474
FQNP37,C=C1OC(=O)C2(C(=O)C(=O)CCC2C)C1O,C=C1OC(=O)[C@@]2(C(=O)C(=O)CCC2C)[C@H]1O,2.269
FQNP206,CC(C)c1c(O)c(O)c2c(c1O)C(=O)CC1C3(CCCC1(C)C(=O)O3)C2,CC(C)c1c(O)c(O)c2c(c1O)C(=O)CC1[C@]3(CCC[C@]1(C)C(=O)O3)C2,2.154
FQNP210,CC(C)=c1c(O)c(O)c2c(c1O)C=CC1C3(C=2)CCCC1(C)C(=O)O3,CC(C)=c1c(O)c(O)c2c(c1O)C=CC1[C@]3(C)CCC[C@@]1(C=2)OC3=O,1.824
FQNP204,CC(C)=c1c(O)c(O)c2c(c1O)C=C1OC(=O)C3(C)CCC(=O)C(C=2)C13,CC(C)=c1c(O)c(O)c2c(c1O)C=C1OC(=O)[C@@]3(C)CCC(=O)C(C=2)C13,1.395
FQNP203,CC(C)C1C(=O)C(O)c2cc3c4c(c(=O)c2C1O)OC(=O)C4(C)CCC3O,CC(C)c1c(O)c(O)c2c(c1O)C(=O)[C@@H]1OC(=O)[C@@]3(C)CCC(=O)C(C2)[C@@H]13,1.72
FQNP211,CC(C)c1c(O)c(O)c2cc3c4c(c(=O)c2c1O)OC(=O)C4(C)CCC3,CC(C)c1c(O)c(O)c2cc3c4c(c(=O)c2c1O)OC(=O)[C@@]4(C)CCC3,1.75
FQNP209,CC(C)=c1c(O)c(O)c2c(c1O)C=C1OC(=O)C3(C)CCCC(C=2)C13,CC(C)=c1c(O)c(O)c2c(c1O)C=C1OC(=O)[C@@]3(C)CCCC(C=2)C13,1.543
FQNP208,CC(C)=c1c(O)c(O)c2c(c1O)C=C1OC(=O)C3(C)CC=CC(C=2)C13,CC(C)=c1c(O)c(O)c2c(c1O)C=C1OC(=O)[C@@]3(C)CC=CC(C=2)C13,1.644
FQNP581,CC1(C)C=Cc2c(ccc3c2NC(=O)C32CC34NC(=O)C5(CCCN5C3=O)CC4C2(C)C)O1,CC1(C)C=Cc2c(ccc3c2NC(=O)[C@@]32C[C@@]34NC(=O)[C@]5(CCCN5C3=O)C[C@H]4C2(C)C)O1,2.291
FQNP477,CC1=CC(O)(C(C)C)C(=O)c2cc(C)c(O)cc21,CC1=C[C@@](O)(C(C)C)C(=O)c2cc(C)c(O)cc21,1.806
FQNP106,O=C1c2cc3ccoc3cc2OC2COc3cc4c(cc3C12)OCO4,O=C1c2cc3ccoc3cc2O[C@H]2COc3cc4c(cc3C12)OCO4,1.773
FQNP628,CC1(C)C=Cc2c(cc3occ(-c4cc5c(cc4O)OC(C)(C)CC5)c(=O)c3c2O)O1,CC1(C)C=Cc2c(cc3occ(-c4cc5c(cc4O)OC(C)(C)CC5)c(=O)c3c2O)O1,2.247
FQNP632,CC(C)=CCc1c2c(c(O)c3c(=O)c(O)c(-c4ccc(O)cc4)oc13)CCC(C)(C)O2,CC(C)=CCc1c2c(c(O)c3c(=O)c(O)c(-c4ccc(O)cc4)oc13)CCC(C)(C)O2,2.147
FQNP397,CCCC1OC(=O)C(O)CCC=CC(O)C1O,CCC[C@H]1OC(=O)C(O)CC/C=C/[C@H](O)[C@@H]1O,2.45
FQNP215,O=C1C(O)c2c(O)cc(O)cc2OC1c1ccccc1,O=C1C(O)c2c(O)cc(O)cc2OC1c1ccccc1,1.401
FQNP51,C=CC(C)(C)C12Nc3c(O)cccc3C1(O)CC1C(=O)OC(Cc3ccccc3)C(=O)N12,C=CC(C)(C)[C@]12Nc3c(O)cccc3[C@@]1(O)CC1C(=O)OC(Cc3ccccc3)C(=O)N12,1.652
FQNP46,C=CC(C)(C)C12Nc3ccccc3C1(O)CC1C(=O)OC(Cc3ccccc3)C(=O)N12,C=CC(C)(C)[C@]12Nc3ccccc3[C@@]1(O)CC1C(=O)OC(Cc3ccccc3)C(=O)N12,1.68
FQNP271,CC1C(=O)CCC2C1(C)CCC1C2(C)CCC2(C)C3CC(C)(C)CCC3(CO)CCC12C,CC1C(=O)CC[C@@H]2[C@]1(C)CC[C@H]1[C@@]2(C)CC[C@@]2(C)[C@@H]3CC(C)(C)CC[C@]3(CO)CC[C@]12C,2.655
FQNP269,CC1C(=O)CCC2C1(C)CCC1C2(C)CCC2(C)C3CC(C)(C)CCC3(C)CCC12C,CC1C(=O)CC[C@@H]2[C@]1(C)CC[C@H]1[C@@]2(C)CC[C@@]2(C)[C@@H]3CC(C)(C)CC[C@]3(C)CC[C@]12C,2.644
FQNP563,CC1C(=O)CC(O)C2C1(C)CCC1C2(C)CCC2(C)C3CC(C)(C)CCC3(C)CCC12C,CC1C(=O)C[C@@H](O)[C@@H]2[C@]1(C)CCC1[C@@]2(C)CC[C@@]2(C)[C@@H]3CC(C)(C)CC[C@]3(C)CC[C@]12C,2.845
FQNP491,CC1=C2CC3CCC(C)C2(C(=O)C1)C3(C)C,CC1=C2C[C@H]3CC[C@@H](C)[C@]2(C(=O)C1)C3(C)C,1.948
FQNP356,CC1(C)Oc2ccc3ccc(=O)oc3c2C(O)C1O,CC1(C)Oc2ccc3ccc(=O)oc3c2[C@@H](O)[C@H]1O,2.214
FQNP252,O=c1ccc2ccc(O)cc2o1,O=c1ccc2ccc(O)cc2o1,1.106
FQNP501,CC(C)c1cc2cc3ccc(=O)oc3cc2o1,CC(C)c1cc2cc3ccc(=O)oc3cc2o1,0.584
FQNP496,CC1(C)C=Cc2cc3ccc(=O)oc3cc2O1,CC1(C)C=Cc2cc3ccc(=O)oc3cc2O1,2.142
FQNP499,C=C(C)C1Cc2cc3ccc(=O)oc3cc2O1,C=C(C)C1Cc2cc3ccc(=O)oc3cc2O1,1.483
FQNP527,O=c1ccc2cc(O)c(O)cc2o1,O=c1ccc2cc(O)c(O)cc2o1,1.028
FQNP396,CCCC1OC(=O)CCCC=CC(O)C1O,CCC[C@H]1OC(=O)CCC/C=C/[C@H](O)[C@@H]1O,2.598
FQNP395,CCCC1CC(O)C=CCCCC(=O)O1,CCC[C@@H]1C[C@@H](O)/C=C/CCCC(=O)O1,2.506
FQNP550,C=C(C)C1=CC(=O)C(C)=CC(=O)CC(C)Cc2cc(c(O)o2)CC1,C=C(C)C1=CC(=O)C(C)=CC(=O)CC(C)Cc2cc(c(O)o2)CC1,1.368
FQNP524,C=C(C)C1CCc2cc(oc2O)CC(C)=Cc2cc(C)c(o2)C1,C=C(C)[C@@H]1CCc2cc(oc2O)C/C(C)=C\c2cc(C)c(o2)C1,1.485
FQNP40,CC1OC(=O)c2c(O)cccc2C1O,CC1OC(=O)c2c(O)cccc2C1O,2.078
FQNP41,CC1OC(=O)c2c(O)cccc2C1O,CC1OC(=O)c2c(O)cccc2C1O,2.078
FQNP34,O=C1C=Cc2cccc(O)c2CO1,O=C1C=Cc2cccc(O)c2CO1,1.768
FQNP523,C=C(C)C1=CC(=O)C(C)CC(=O)C2OC2(C)Cc2cc(c(O)o2)CC1,C=C(C)C1=CC(=O)C(C)CC(=O)C2O[C@]2(C)Cc2cc(c(O)o2)CC1,1.818
FQNP434,CCCCCCCCCCCCCCCCCCCCCCCCCCC1CCC(=O)O1,CCCCCCCCCCCCCCCCCCCCCCCCCCC1CCC(=O)O1,0.728
FQNP433,CCCCCCCCCCCCCCCCCCCCCCCCCC1CCC(=O)O1,CCCCCCCCCCCCCCCCCCCCCCCCCC1CCC(=O)O1,0.751
FQNP432,CCCCCCCCCCCCCCCCCCCCCCCCC1CCC(=O)O1,CCCCCCCCCCCCCCCCCCCCCCCCC1CCC(=O)O1,0.776
FQNP431,CCCCCCCCCCCCCCCCCCCCCCCC1CCC(=O)O1,CCCCCCCCCCCCCCCCCCCCCCCC1CCC(=O)O1,0.803
FQNP430,CCCCCCCCCCCCCCCCCCCCCCC1CCC(=O)O1,CCCCCCCCCCCCCCCCCCCCCCC1CCC(=O)O1,0.832
FQNP429,CCCCCCCCCCCCCCCCCCCCCC1CCC(=O)O1,CCCCCCCCCCCCCCCCCCCCCC1CCC(=O)O1,0.862
FQNP428,CCCCCCCCCCCCCCCCCCCCC1CCC(=O)O1,CCCCCCCCCCCCCCCCCCCCC1CCC(=O)O1,0.896
FQNP612,CCC=Cc1oc(O)c2c1CCC1C3=CC4C(=O)OC(=CCCC)C4(CC3)C21,CCC=Cc1oc(O)c2c1CCC1C3=CC4C(=O)OC(=CCCC)C4(CC3)C21,2.063
FQNP111,CCC=Cc1oc(O)c2c1CCC1C3=CC4C(=O)OC(=CCCC)C4(CC3)C21,CCC=Cc1oc(O)c2c1CC[C@H]1C3=CC4C(=O)O/C(=C\CCC)[C@@]4(CC3)[C@@H]21,2.063
FQNP171,CCC=Cc1oc(O)c2ccccc12,CCC=Cc1oc(O)c2ccccc12,0.695
FQNP170,CCC=Cc1oc(O)c2c1CCC=C2,CCC=Cc1oc(O)c2c1CCC=C2,1.7
FQNP169,CCC=Cc1oc(O)c2c1CCC1C3=CC4C(=O)OC(=CCCC)C4(CC3)C21,CCC=Cc1oc(O)c2c1CC[C@@H]1C2[C@@]23CC[C@@H]1C=C2C(=O)O/C3=C\CCC,2.063
FQNP90,CCC(C)C1NC(=O)c2c1n(C)c1ccccc1c2=O,CC[C@H](C)[C@H]1NC(=O)c2c1n(C)c1ccccc1c2=O,0.595
FQNP91,CCC(C)C1NC(=O)c2c1n(C)c1ccccc1c2=O,CC[C@H](C)[C@@H]1NC(=O)c2c1n(C)c1ccccc1c2=O,0.595
FQNP323,O=c1[nH]cnc2c1ncn2C1OC(CO)C(O)C1O,O=c1[nH]cnc2c1ncn2[C@@H]1O[C@H](CO)[C@@H](O)[C@H]1O,1.188
FQNP92,CC(C)C1NC(=O)c2c1n(C)c1ccccc1c2=O,CC(C)C1NC(=O)c2c1n(C)c1ccccc1c2=O,0.46
FQNP93,Cn1c2c(c(=O)c3ccccc31)C(=O)NC2=O,Cn1c2c(c(=O)c3ccccc31)C(=O)NC2=O,-0.1
FQNP133,CN1C(=O)C2(Cc3cn(C45CC67SSC(CO)(C(=O)N6C4Nc4ccccc45)N(C)C7=O)c4ccccc34)SSC1(CO)C(=O)N2C,CN1C(=O)[C@]2(Cc3cn([C@]45C[C@@]67SS[C@@](CO)(C(=O)N6[C@H]4Nc4ccccc45)N(C)C7=O)c4ccccc34)SS[C@@]1(CO)C(=O)N2C,1.531
FQNP89,CN1C(=O)c2ccccc2-n2c(nc3ccccc3c2=O)C1Cc1ccccc1,CN1C(=O)c2ccccc2-n2c(nc3ccccc3c2=O)C1Cc1ccccc1,-0.101
FQNP602,CC(C)C(C)C=CC(C)C1CCC2=C3C=CC4=CC(=O)CCC4(C)C3CCC21C,CC(C)[C@@H](C)/C=C/[C@@H](C)[C@H]1CCC2=C3C=CC4=CC(=O)CC[C@]4(C)[C@H]3CC[C@@]21C,2.943
FQNP303,CC(C)C(C)C=CC(C)C1CCC2=C3C=CC4=CC(=O)CCC4(C)C3CCC21C,CC(C)[C@@H](C)/C=C/[C@@H](C)[C@H]1CCC2=C3C=CC4=CC(=O)CC[C@]4(C)C3CC[C@@]21C,2.943
FQNP541,OCC1OC(Oc2cc(O)cc3cc(O)cc(-c4ccc(O)c(O)c4)c23)C(O)C(O)C1O,OC[C@H]1OC(Oc2cc(O)cc3cc(O)cc(-c4ccc(O)c(O)c4)c23)[C@H](O)[C@@H](O)[C@@H]1O,1.937
FQNP25,C=C(C)C12OC1C1(C)C(=CC2=O)CCC(O)C1C,C=C(C)C12O[C@@H]1[C@@]1(C)C(=CC2=O)CC[C@@H](O)[C@@H]1C,3.249
FQNP629,CC1(C)C=Cc2c(cc(O)c3c(=O)c(-c4cc5c(cc4O)OC(C)(C)CC5)coc23)O1,CC1(C)C=Cc2c(cc(O)c3c(=O)c(-c4cc5c(cc4O)OC(C)(C)CC5)coc23)O1,2.144
FQNP631,CC(C)=CCc1cc(C2COc3cc4c(c(O)c3C2=O)C=CC(C)(C)O4)c(O)cc1O,CC(C)=CCc1cc(C2COc3cc4c(c(O)c3C2=O)C=CC(C)(C)O4)c(O)cc1O,2.87
FQNP166,O=c1c(O)c(-c2ccc(O)cc2)oc2cc(O)cc(O)c12,O=c1c(O)c(-c2ccc(O)cc2)oc2cc(O)cc(O)c12,1.546
FQNP167,O=c1c(O)c(-c2ccc(O)c(O)c2)oc2cc(O)cc(O)c12,O=c1c(O)c(-c2ccc(O)c(O)c2)oc2cc(O)cc(O)c12,1.701
FQNP531,O=c1c(O)c(-c2ccc(O)c(O)c2)oc2cc(O)c(O)c(O)c12,O=c1c(O)c(-c2ccc(O)c(O)c2)oc2cc(O)c(O)c(O)c12,1.655
FQNP85,CC(C)=CC=CC(C)c1c(O)cc(C)c(O)c1O,CC(C)=CC=CC(C)c1c(O)cc(C)c(O)c1O,1.72
FQNP86,CC1C(=O)C(=O)C23C(=O)C1C(C)(C)C2CCC3C,CC1C(=O)C(=O)[C@@]23C(=O)C1C(C)(C)[C@@H]2CC[C@H]3C,1.725
FQNP87,CC1C(=O)C(=O)C23C(=O)C1C(C)(C)C2CCC3C,CC1C(=O)C(=O)[C@]23C(=O)C1C(C)(C)[C@H]2CC[C@H]3C,1.725
FQNP435,CC1=CC(=O)C(=O)C2Cc3oc(O)c(C)c3CC12C,CC1=CC(=O)C(=O)C2Cc3oc(O)c(C)c3C[C@]12C,1.689
FQNP11,C=Nc1cc(O)c(O)c(C)c1O,C=Nc1cc(O)c(O)c(C)c1O,1.075
FQNP345,C=C(C)C(CCC(C)C1CCC2(C)C3CCC4C(C)(C)C(=O)CCC45CC35CCC12C)C(C)C,C=C(C)[C@@H](CC[C@@H](C)[C@H]1CC[C@@]2(C)[C@@H]3CC[C@H]4C(C)(C)C(=O)CC[C@@]45C[C@@]35CC[C@]12C)C(C)C,2.998
FQNP347,C=C(C)C(C)CCC(C)C1CCC2(C)C3CCC4C(C)(C)C(=O)CCC45CC35CCC12C,C=C(C)[C@@H](C)CC[C@@H](C)[C@H]1CC[C@@]2(C)[C@@H]3CC[C@H]4C(C)(C)C(=O)CC[C@@]45C[C@@]35CC[C@]12C,3.219
FQNP276,C=C(C)C(C)(C)CCC(C)C1CCC2(C)C3CCC4C(C)(C)C(=O)CCC45CC35CCC12C,C=C(C)C(C)(C)CC[C@@H](C)[C@H]1CC[C@@]2(C)C3CCC4C(C)(C)C(=O)CC[C@@]45C[C@@]35CC[C@]12C,2.963
FQNP498,C=CC(C)(C)c1cc2cc3ccoc3cc2oc1=O,C=CC(C)(C)c1cc2cc3ccoc3cc2oc1=O,1.502
FQNP497,C=CC(C)(C)c1cc2cc3c(cc2oc1=O)OC(C)(C)C=C3,C=CC(C)(C)c1cc2cc3c(cc2oc1=O)OC(C)(C)C=C3,2.359
FQNP500,C=CC(C)(C)c1cc2cc3c(cc2oc1=O)OC(C(C)(C)O)C3,C=CC(C)(C)c1cc2cc3c(cc2oc1=O)OC(C(C)(C)O)C3,2.231
FQNP212,CC(C)c1c(O)c(O)c2c(c1O)C(=O)CC1C3(C)CCCC21C(O)OC3,CC(C)c1c(O)c(O)c2c(c1O)C(=O)CC1[C@]3(C)CCC[C@]21[C@H](O)OC3,2.464
FQNP2,C=C1C(=O)OC2C1CCC1(C)C(O)CC=C(C)C21,C=C1C(=O)O[C@H]2[C@H]1CC[C@]1(C)[C@@H]2C(C)=CC[C@H]1O,3.868
FQNP380,C=C1C(=O)OC2CC(C)=CC=CC(C)CCC12,C=C1C(=O)O[C@@H]2C/C(C)=C\C=C/C(C)CC[C@@H]12,3.448
FQNP379,C=C1C(=O)OC2C1CCC(=C)C1CCC(=C)C12,C=C1C(=O)O[C@H]2C1CCC(=C)[C@@H]1CCC(=C)[C@H]21,2.999
FQNP114,C=C1C(=O)OC2C1CCC1(C)C(=O)C=CC(C)(O)C21,C=C1C(=O)O[C@@H]2C1CC[C@]1(C)C(=O)C=C[C@](C)(O)[C@@H]21,3.562
FQNP24,CC(C)=C1CC2(C)C(=CC1=O)CCC(O)C2C,CC(C)=C1C[C@@]2(C)C(=CC1=O)CC[C@@H](O)[C@@H]2C,2.923
FQNP547,C=C(C)C1CCC(C)=CCC=C(C)CC(=O)CC2(C)OC2C1,C=C(C)[C@@H]1CC/C(C)=C/CC=C(C)CC(=O)C[C@@]2(C)O[C@@H]2C1,2.761
FQNP546,C=C(C)C1CCC(C)=CCC=C(C)CC(=O)CC2(C)OC2C1,C=C(C)[C@@H]1CC/C(C)=C/CC=C(C)CC(=O)C[C@@]2(C)O[C@@H]2C1,2.761
FQNP579,CC=CC1=CC=CC(C2C(=O)C=NC2=O)O1,C/C=C/C1=CC=CC(C2C(=O)C=NC2=O)O1,1.69
FQNP23,CC(C)=C1C(=O)C=C2CCC(O)C(C)C2(C)C1O,CC(C)=C1C(=O)C=C2CC[C@@H](O)[C@H](C)[C@@]2(C)[C@H]1O,2.413
FQNP537,CC(=O)OC(C)(C)C=CC(=O)C(C)(O)C1C(O)CC2(C)C3CC=C4C(CC(=O)C(O)C4(C)C)C3(CO)C(=O)CC12C,CC(=O)OC(C)(C)/C=C/C(=O)[C@](C)(O)[C@H]1[C@H](O)C[C@@]2(C)[C@@H]3CC=C4[C@@H](CC(=O)C(O)C4(C)C)[C@]3(CO)C(=O)C[C@]12C,3.018
FQNP538,CC(C)CCC(=O)C(C)(O)C1C(O)CC2(C)C3CC=C4C(CC(O)C(OC5OC(CO)C(O)C(O)C5O)C4(C)C)C3C(=O)CC12C,CC(C)CCC(=O)[C@](C)(O)[C@H]1C(O)C[C@@]2(C)C3CC=C4[C@@H](CC(O)C(OC5O[C@H](CO)[C@@H](O)[C@H](O)[C@H]5O)C4(C)C)C3C(=O)C[C@@]12C,2.449
FQNP389,Cc1cc(O)cc(OC(=O)c2c(C)cc(O)cc2O)c1,Cc1cc(O)cc(OC(=O)c2c(C)cc(O)cc2O)c1,0.766
FQNP390,Cc1cc(OC(=O)c2c(C)cc(OC(=O)c3c(C)cc(O)cc3O)cc2O)cc(O)c1C(=O)O,Cc1cc(OC(=O)c2c(C)cc(OC(=O)c3c(C)cc(O)cc3O)cc2O)cc(O)c1C(=O)O,0.541
FQNP375,C=CC(OC(=O)CC(C)C)c1ccc(OC(=O)C(C)C)c(OC)c1,C=CC(OC(=O)CC(C)C)c1ccc(OC(=O)C(C)C)c(OC)c1,0.841
FQNP627,C[n+]1cccc(C(=O)Oc2c(O)cc(C(=O)[O-])cc2O)c1,C[n+]1cccc(C(=O)Oc2c(O)cc(C(=O)[O-])cc2O)c1,0.509
FQNP408,CC=C(C)C(=O)Oc1cc(C)ccc1C1(COC(C)=O)CO1,CC=C(C)C(=O)Oc1cc(C)ccc1C1(COC(C)=O)CO1,1.783
FQNP407,CC=C(C)C(=O)Oc1cc(C)ccc1C1(CO)CO1,CC=C(C)C(=O)Oc1cc(C)ccc1C1(CO)CO1,1.768
FQNP147,CC=C(C)C(=O)Oc1cc(C)ccc1C1(C(C)=O)CO1,CC=C(C)C(=O)Oc1cc(C)ccc1C1(C(C)=O)CO1,1.147
FQNP136,COc1c(C)c(OC(=O)c2c(C)cc(O)c(C)c2O)c(C)c(C)c1C(=O)Oc1c(C)c(C)c(C(=O)O)c(O)c1C,COc1c(C)c(OC(=O)c2c(C)cc(O)c(C)c2O)c(C)c(C)c1C(=O)Oc1c(C)c(C)c(C(=O)O)c(O)c1C,0.852
FQNP134,Cc1cc(O)c(C)c(O)c1C(=O)Oc1c(C)c(C)c(C(=O)Oc2c(C)c(C)c(C(=O)O)c(O)c2C)c(O)c1C,Cc1cc(O)c(C)c(O)c1C(=O)Oc1c(C)c(C)c(C(=O)Oc2c(C)c(C)c(C(=O)O)c(O)c2C)c(O)c1C,0.757
FQNP135,COc1c(C)c(OC(=O)c2c(C)cc(O)c(C)c2O)c(C)c(C)c1C(=O)Oc1cc(C)c(C(=O)O)c(O)c1C,COc1c(C)c(OC(=O)c2c(C)cc(O)c(C)c2O)c(C)c(C)c1C(=O)Oc1cc(C)c(C(=O)O)c(O)c1C,0.861
FQNP145,CC=CC(=O)Oc1cc(C)ccc1C(C)C,CC=CC(=O)Oc1cc(C)ccc1C(C)C,0.067
FQNP404,CC=C(C)C(=O)Oc1cc(C)ccc1C(C)C,CC=C(C)C(=O)Oc1cc(C)ccc1C(C)C,0.692
FQNP174,COC(=O)C12Oc3c(c(O)cc4c3C3=CCC5(C4)C(C3=O)C(=O)c3c(O)cc(C)cc3C5OC(C)=O)C(=O)C1C(=O)C=CC2O,COC(=O)[C@@]12Oc3c(c(O)cc4c3C3=CC[C@]5(C4)C(C3=O)C(=O)c3c(O)cc(C)cc3[C@@H]5OC(C)=O)C(=O)C1C(=O)C=C[C@H]2O,1.984
FQNP175,COC(=O)c1c(O)ccc(O)c1C(=O)c1c(O)cc2c(c1O)C1=CCC3(C2)C(C1=O)C(=O)c1c(O)cc(C)cc1C3OC(C)=O,COC(=O)c1c(O)ccc(O)c1C(=O)c1c(O)cc2c(c1O)C1=CC[C@]3(C2)C(C1=O)C(=O)c1c(O)cc(C)cc1[C@@H]3OC(C)=O,1.494
FQNP473,CC(=O)OC1CC2C(C)(C)C(=O)C=CC2(C)C2CCC3(C)C(c4ccoc4)OC(=O)C4OC43C12C,CC(=O)O[C@@H]1C[C@H]2C(C)(C)C(=O)C=C[C@]2(C)[C@H]2CC[C@@]3(C)[C@H](c4ccoc4)OC(=O)C4O[C@]43[C@]12C,3.339
FQNP186,CC=C(C)C(=O)OC1c2ccoc2C(=O)C2CC(=O)CC(C)C21C,CC=C(C)C(=O)O[C@@H]1c2ccoc2C(=O)C2CC(=O)C[C@H](C)[C@]21C,2.323
FQNP182,CC=C(C)C(=O)OC1c2c(C)coc2C(=O)C2=CCCC(C)C21C,CC=C(C)C(=O)O[C@@H]1c2c(C)coc2C(=O)C2=CCC[C@H](C)[C@]21C,3.021
FQNP584,CC(=O)OC1CC2C(C)c3ccoc3CC2C2(C)CCCC(C)(C)C12,CC(=O)O[C@@H]1C[C@@H]2[C@H](Cc3occc3[C@@H]2C)[C@@]2(C)CCCC(C)(C)[C@H]12,3.07
FQNP585,C=CC1=CCC2C(CC(OC(C)=O)C3C(C)(C)CCCC23C)C1C,C=CC1=CC[C@H]2[C@@H](C[C@@H](OC(C)=O)[C@H]3C(C)(C)CCC[C@]23C)[C@H]1C,3.234
FQNP586,C=CC1=C(C)C2CC(OC(C)=O)C3C(C)(C)CCCC3(C)C2CC1,C=CC1=C(C)[C@@H]2C[C@@H](OC(C)=O)[C@H]3C(C)(C)CCC[C@]3(C)[C@H]2CC1,3.146
FQNP138,O=C(C=Cc1ccc(O)c(O)c1)OC1CC(O)(C(=O)O)CC(O)C1O,O=C(C=Cc1ccc(O)c(O)c1)O[C@@H]1C[C@](O)(C(=O)O)C[C@@H](O)[C@H]1O,2.246
FQNP549,C=C(C)C1Cc2oc(cc2C=O)C(O)C(C)(O)CC2OC(=O)C3(OC23)C(OC(C)=O)C1,C=C(C)[C@H]1Cc2oc(cc2C=O)[C@H](O)[C@](C)(O)C[C@@H]2OC(=O)[C@]3(O[C@@H]23)[C@H](OC(C)=O)C1,3.211
FQNP522,CC(=O)OC1CC(C2(C)CO2)Cc2oc(cc2C=O)C2OC2(C)CC2OC(=O)C13OC23,CC(=O)O[C@@H]1C[C@@H](C2(C)CO2)Cc2oc(cc2C=O)[C@H]2O[C@]2(C)C[C@@H]2OC(=O)[C@]13O[C@@H]23,3.2
FQNP548,C=C(C)C1Cc2oc(cc2C(=O)OC)C2OC2(C)CC2OC(=O)C3(OC23)C(OC(C)=O)C1,C=C(C)[C@H]1Cc2oc(cc2C(=O)OC)[C@H]2O[C@]2(C)C[C@@H]2OC(=O)[C@]3(O[C@@H]23)[C@H](OC(C)=O)C1,2.983
FQNP520,C=C(C)C1Cc2oc(cc2C=O)C(O)C(C)(O)CC2OC(=O)C3(OC23)C(OC(C)=O)C1,C=C(C)[C@H]1Cc2oc(cc2C=O)[C@@H](O)[C@@](C)(O)C[C@@H]2OC(=O)[C@]3(O[C@@H]23)[C@H](OC(C)=O)C1,3.211
FQNP350,CCC(=O)OC1c2c(ccc3ccc(=O)oc23)OC(C)(C)C1OC(C)=O,CCC(=O)O[C@@H]1c2c(ccc3ccc(=O)oc23)OC(C)(C)[C@@H]1OC(C)=O,2.216
FQNP354,CC(=O)OC1C(OC(=O)C(C)C)c2c(ccc3ccc(=O)oc23)OC1(C)C,CC(=O)O[C@@H]1[C@H](OC(=O)C(C)C)c2c(ccc3ccc(=O)oc23)OC1(C)C,2.243
FQNP449,COC(=O)C12CCC3(C)C4=CCC(=O)OCC4(C(C)O)C(OC(C)=O)C(O)C3C1(C)CCC1(C)CC=C(C)CC12O,COC(=O)[C@@]12CC[C@@]3(C)C4=CCC(=O)OC[C@]4([C@@H](C)O)[C@@H](OC(C)=O)[C@@H](O)[C@@H]3[C@@]1(C)CC[C@@]1(C)CC=C(C)C[C@]12O,2.812
FQNP453,C=C1CCC2(C)CCC3(C)C4C(O)C(OC(C)=O)C5(C(C)O)COC(=O)C=CC5C4(C)CCC3(C(=O)OC)C2(O)C1,C=C1CC[C@]2(C)CC[C@]3(C)[C@H]4[C@H](O)[C@H](OC(C)=O)[C@@]5([C@@H](C)O)COC(=O)C=CC5[C@]4(C)CC[C@@]3(C(=O)OC)[C@]2(O)C1,3.369
FQNP81,CCCCCCCCCCCC(=O)OC1C(OC2C(C)OC(OC3C(OC(CCCCC)CCCCCCCCCC(=O)OC4C(OC5C(OC6OC(C)C(OC(=O)C(C)C)C(O)C6O)C(C)OC(OC6C(C)OC7OC8C(OC(CCCCC)CCCCCCCCCC(=O)OC7C6O)OC(C)C(O)C8O)C5OC(=O)CCCCCCCCCCC)OC(C)C(O)C4O)OC(C)C(O)C3O)C(O)C2O)OC(C)C(OC2OC(C)C(OC(=O)C(C)C)C(O)C2O)C1OC1CC(C)C(O)C(O)C1O,CCCCCCCCCCCC(=O)O[C@H]1[C@H](O[C@H]2[C@H](C)O[C@H]3O[C@@H]4[C@@H](O)[C@@H](O)[C@@H](C)O[C@H]4O[C@@H](CCCCC)CCCCCCCCCC(=O)O[C@@H]3[C@@H]2O)O[C@@H](C)[C@H](O[C@@H]2O[C@@H](C)[C@@H](OC(=O)C(C)C)[C@@H](O)[C@H]2O)[C@H]1O[C@@H]1O[C@@H](C)[C@H](O)[C@@H](O)[C@H]1OC(=O)CCCCCCCCC[C@H](CCCCC)O[C@@H]1O[C@H](C)[C@H](O)[C@H](O)[C@H]1O[C@@H]1O[C@@H](C)[C@H](O[C@@H]2O[C@@H](C)[C@H](O[C@@H]3O[C@@H](C)[C@H](OC(=O)C(C)C)[C@@H](O)[C@H]3O)[C@@H](O[C@@H]3C[C@@H](C)[C@H](O)[C@@H](O)[C@H]3O)[C@H]2OC(=O)CCCCCCCCCCC)[C@@H](O)[C@H]1O,0.837
FQNP84,CCCCCCCCCCCC(=O)OC1C(OC2C(C)OC(OC3C(OC(CCCCC)CCCCCCCCCC(=O)OC4C(C)OC(OC5C(OC6OC(C)C(OC(=O)C(C)CC)C(O)C6O)C(C)OC(OC6C(C)OC7OC8C(OC(CCCCC)CCCCCCCCCC(=O)OC6C7O)OC(C)C(O)C8O)C5OC(=O)CCCCCCCCCCC)C(O)C4O)OC(C)C(O)C3O)C(O)C2O)OC(C)C(OC2OC(C)C(OC(=O)C(C)CC)C(O)C2O)C1OC1CC(C)C(O)C(O)C1O,CCCCCCCCCCCC(=O)O[C@H]1[C@H](O[C@H]2[C@H](C)O[C@H]3O[C@@H]4[C@@H](O)[C@@H](O)[C@@H](C)O[C@H]4O[C@@H](CCCCC)CCCCCCCCCC(=O)O[C@H]2[C@H]3O)O[C@@H](C)[C@H](O[C@@H]2O[C@@H](C)[C@@H](OC(=O)C(C)CC)[C@@H](O)[C@H]2O)[C@H]1O[C@@H]1O[C@@H](C)[C@H](OC(=O)CCCCCCCCC[C@H](CCCCC)O[C@@H]2O[C@H](C)[C@H](O)[C@H](O)[C@H]2O[C@@H]2O[C@@H](C)[C@H](O[C@@H]3O[C@@H](C)[C@H](O[C@@H]4O[C@@H](C)[C@H](OC(=O)C(C)CC)[C@@H](O)[C@H]4O)[C@@H](O[C@@H]4C[C@@H](C)[C@H](O)[C@@H](O)[C@H]4O)[C@H]3OC(=O)CCCCCCCCCCC)[C@@H](O)[C@H]2O)[C@@H](O)[C@H]1O,0.828
FQNP83,CCCCCCCCCC(=O)OC1C(OC2C(C)OC(OC3C(OC(CCCCC)CCCCCCCCCC(=O)OC4C(C)OC(OC5C(OC6OC(C)C(OC(=O)C(C)CC)C(O)C6O)C(C)OC(OC6C(C)OC7OC8C(OC(CCCCC)CCCCCCCCCC(=O)OC6C7O)OC(C)C(O)C8O)C5OC(=O)CCCCCCCCC)C(O)C4O)OC(C)C(O)C3O)C(O)C2O)OC(C)C(OC2OC(C)C(OC(=O)C(C)CC)C(O)C2O)C1OC1CC(C)C(O)C(O)C1O,CCCCCCCCCC(=O)O[C@H]1[C@H](O[C@H]2[C@H](C)O[C@H]3O[C@@H]4[C@@H](O)[C@@H](O)[C@@H](C)O[C@H]4O[C@@H](CCCCC)CCCCCCCCCC(=O)O[C@H]2[C@H]3O)O[C@@H](C)[C@H](O[C@@H]2O[C@@H](C)[C@@H](OC(=O)C(C)CC)[C@@H](O)[C@H]2O)[C@H]1O[C@@H]1O[C@@H](C)[C@H](OC(=O)CCCCCCCCC[C@H](CCCCC)O[C@@H]2O[C@H](C)[C@H](O)[C@H](O)[C@H]2O[C@@H]2O[C@@H](C)[C@H](O[C@@H]3O[C@@H](C)[C@H](O[C@@H]4O[C@@H](C)[C@H](OC(=O)C(C)CC)[C@@H](O)[C@H]4O)[C@@H](O[C@@H]4C[C@@H](C)[C@H](O)[C@@H](O)[C@H]4O)[C@H]3OC(=O)CCCCCCCCC)[C@@H](O)[C@H]2O)[C@@H](O)[C@H]1O,0.847
FQNP351,CC(C)C(=O)OC1c2c(ccc3ccc(=O)oc23)OC(C)(C)C1O,CC(C)C(=O)O[C@@H]1c2c(ccc3ccc(=O)oc23)OC(C)(C)[C@@H]1O,2.126
FQNP352,CC=C(C)C(=O)OC1c2c(ccc3ccc(=O)oc23)OC(C)(C)C1O,CC=C(C)C(=O)O[C@@H]1c2c(ccc3ccc(=O)oc23)OC(C)(C)[C@@H]1O,2.484
FQNP213,CC(=O)OC1=CC2C(C)(CO)CCCC2(C)c2c(O)c(O)c(C(C)C)c(O)c21,CC(=O)OC1=CC2[C@@](C)(CO)CCC[C@]2(C)c2c(O)c(O)c(C(C)C)c(O)c21,1.976
FQNP205,CC(=O)OC1=CC2C3(CCCC2(C)C(=O)O3)Cc2c(O)c(O)c(C(C)C)c(O)c21,CC(=O)OC1=CC2[C@]3(CCC[C@]2(C)C(=O)O3)Cc2c(O)c(O)c(C(C)C)c(O)c21,1.91
FQNP116,COC(=O)C1(O)CC(OC(=O)C=Cc2ccc(O)c(O)c2)C(O)C(OC(=O)C=Cc2ccc(O)c(O)c2)C1,COC(=O)C1(O)C[C@@H](OC(=O)C=Cc2ccc(O)c(O)c2)C(O)[C@H](OC(=O)C=Cc2ccc(O)c(O)c2)C1,1.294
FQNP168,O=C(C=Cc1ccc(O)c(O)c1)OC1CC(O)(C(=O)O)CC(OC(=O)C=Cc2ccc(O)c(O)c2)C1O,O=C(C=Cc1ccc(O)c(O)c1)O[C@@H]1CC(O)(C(=O)O)C[C@@H](OC(=O)C=Cc2ccc(O)c(O)c2)C1O,1.349
FQNP236,COC(=O)CC1C(C)(C)C(OC(=O)C(C)C)C2(OC(C)=O)C(=O)C1(C)C1CCC3(C)C(c4ccoc4)OC(=O)CC3C13OC23,COC(=O)C[C@H]1C(C)(C)[C@H](OC(=O)C(C)C)[C@@]2(OC(C)=O)C(=O)[C@]1(C)C1CC[C@]3(C)C(CC(=O)O[C@H]3c3ccoc3)[C@]13O[C@@H]32,2.583
FQNP233,COC(=O)CC1C(C)(C)C(OC(=O)C(C)C)C2(OC(C)=O)C=C3C4CC(=O)OC(c5ccoc5)C4(C)CCC3C1(C)C2=O,COC(=O)C[C@H]1C(C)(C)[C@H](OC(=O)C(C)C)[C@]2(OC(C)=O)C=C3C(CC[C@]4(C)C3CC(=O)O[C@H]4c3ccoc3)[C@@]1(C)C2=O,2.332
FQNP234,CC=C(C)C(=O)OC1C2(OC(C)=O)C=C3C4CC(=O)OC(c5ccoc5)C4(C)CCC3C(C)(C2=O)C(CC(=O)OC)C1(C)C,CC=C(C)C(=O)O[C@H]1C(C)(C)[C@H](CC(=O)OC)[C@]2(C)C(=O)[C@@]1(OC(C)=O)C=C1C2CC[C@]2(C)C1CC(=O)O[C@H]2c1ccoc1,2.536
FQNP235,COC(=O)CC1C(C)(C)C(OC(=O)C(C)C)C2(O)C(=O)C1(C)C1CCC3(C)C(c4ccoc4)OC(=O)CC3C13OC23,COC(=O)C[C@H]1C(C)(C)[C@H](OC(=O)C(C)C)[C@@]2(O)C(=O)[C@]1(C)C1CC[C@]3(C)C(CC(=O)O[C@H]3c3ccoc3)[C@]13O[C@@H]32,2.821
FQNP231,COC(=O)CC1C(C)(C)C(OC(=O)C(C)C)C2(O)C=C3C4CC(=O)OC(c5ccoc5)C4(C)CCC3C1(C)C2=O,COC(=O)C[C@H]1C(C)(C)[C@H](OC(=O)C(C)C)[C@]2(O)C=C3C(CC[C@]4(C)C3CC(=O)O[C@H]4c3ccoc3)[C@@]1(C)C2=O,2.615
FQNP232,CC=C(C)C(=O)OC1C2(O)C=C3C4CC(=O)OC(c5ccoc5)C4(C)CCC3C(C)(C2=O)C(CC(=O)OC)C1(C)C,CC=C(C)C(=O)O[C@H]1C(C)(C)[C@H](CC(=O)OC)[C@]2(C)C(=O)[C@@]1(O)C=C1C2CC[C@]2(C)C1CC(=O)O[C@H]2c1ccoc1,2.846
FQNP358,CC(C)C(=O)OC1Cc2c(ccc3ccc(=O)oc23)OC1(C)C,CC(C)C(=O)O[C@@H]1Cc2c(ccc3ccc(=O)oc23)OC1(C)C,2.162
FQNP357,CC=C(C)C(=O)OC1Cc2c(ccc3ccc(=O)oc23)OC1(C)C,CC=C(C)C(=O)O[C@@H]1Cc2c(ccc3ccc(=O)oc23)OC1(C)C,2.611
FQNP360,COc1c2c(cc3oc(C)cc(=O)c13)OC(C)(C)C(OC(=O)C(C)C)C2,COc1c2c(cc3oc(C)cc(=O)c13)OC(C)(C)[C@H](OC(=O)C(C)C)C2,2.389
FQNP359,CC=C(C)C(=O)OC1Cc2c(cc3oc(C)cc(=O)c3c2OC)OC1(C)C,CC=C(C)C(=O)O[C@@H]1Cc2c(cc3oc(C)cc(=O)c3c2OC)OC1(C)C,2.779
FQNP47,C=CC(C)(C)C12Nc3ccccc3C1(OC(C)=O)CC1C(=O)OC(Cc3ccccc3)C(=O)N12,C=CC(C)(C)[C@]12Nc3ccccc3[C@@]1(OC(C)=O)CC1C(=O)OC(Cc3ccccc3)C(=O)N12,1.46
FQNP52,C=CC(C)(C)C12Nc3c(O)cccc3C1(OC(C)=O)CC1C(=O)OC(Cc3ccccc3)C(=O)N12,C=CC(C)(C)[C@]12Nc3c(O)cccc3[C@@]1(OC(C)=O)CC1C(=O)OC(Cc3ccccc3)C(=O)N12,1.475
FQNP551,C=C(C)C1Cc2oc(cc2C=O)C2OC2(C)CC2OC(=O)C3(OC23)C(OC(C)=O)C1,C=C(C)[C@@H]1Cc2oc(cc2C=O)[C@@H]2O[C@@]2(C)C[C@H]2OC(=O)[C@@]3(O[C@H]23)[C@@H](OC(C)=O)C1,3.301
FQNP183,CCC(C)C(=O)OC1c2c(C)coc2C(=O)C2=CCCC(C)C21C,CCC(C)C(=O)O[C@H]1c2c(C)coc2C(=O)C2=CCC[C@H](C)[C@]21C,2.585
FQNP184,CC=C(C)C(=O)OC1c2c(C)coc2C(=O)C2=CCCC(C)C21C,CC=C(C)C(=O)O[C@H]1c2c(C)coc2C(=O)C2=CCC[C@H](C)[C@]21C,3.021
FQNP355,CC(=O)OC1c2c(ccc3ccc(=O)oc23)OC(C)(C)C1OC(C)=O,CC(=O)O[C@@H]1c2c(ccc3ccc(=O)oc23)OC(C)(C)[C@@H]1OC(C)=O,2.173
FQNP353,CC=C(C)C(=O)OC1C(O)c2c(ccc3ccc(=O)oc23)OC1(C)C,CC=C(C)C(=O)O[C@@H]1[C@H](O)c2c(ccc3ccc(=O)oc23)OC1(C)C,2.641
FQNP451,COC(=O)C12CCC3(C)C4=CCC(=O)OCC4(C(C)O)C(O)C(OC(C)=O)C3C1(C)CCC1(C)CC=C(C)CC12O,COC(=O)[C@@]12CC[C@@]3(C)C4=CCC(=O)OC[C@]4([C@@H](C)O)[C@@H](O)[C@@H](OC(C)=O)[C@@H]3[C@@]1(C)CC[C@@]1(C)CC=C(C)C[C@]12O,2.79
FQNP455,C=C1CCC2(C)CCC3(C)C4C(OC(C)=O)C(O)C5(C(C)O)COC(=O)C=CC5C4(C)CCC3(C(=O)OC)C2(O)C1,C=C1CC[C@]2(C)CC[C@]3(C)[C@H]4[C@H](OC(C)=O)[C@H](O)[C@@]5([C@@H](C)O)COC(=O)C=CC5[C@]4(C)CC[C@@]3(C(=O)OC)[C@]2(O)C1,3.346
FQNP620,COc1cc(C2c3cc4c(cc3C(OC(C)=O)C3COC(=O)C23)OCO4)cc(OC)c1OC,COc1cc([C@@H]2c3cc4c(cc3[C@H](OC(C)=O)[C@H]3COC(=O)C23)OCO4)cc(OC)c1OC,1.565
FQNP572,CCCCCCCCCC(=O)OC1C(OC2C(C)OC3OC4C(OC(CCCCC)CCCCCCCCCC(=O)OC3C2O)OC(C)C(O)C4O)OC(C)C(OC2OC(C)C(OC(=O)CCCCC)C(OC(=O)C=Cc3ccccc3)C2O)C1OC1OC(CO)C(O)C(O)C1O,CCCCCCCCCC(=O)O[C@H]1[C@H](O[C@H]2[C@H](C)O[C@H]3O[C@@H]4[C@@H](O)[C@@H](O)[C@@H](C)O[C@H]4O[C@@H](CCCCC)CCCCCCCCCC(=O)O[C@@H]3[C@@H]2O)O[C@@H](C)[C@H](O[C@@H]2O[C@@H](C)[C@H](OC(=O)CCCCC)[C@@H](OC(=O)/C=C/c3ccccc3)[C@H]2O)[C@H]1O[C@@H]1O[C@H](CO)[C@@H](O)[C@H](O)[C@H]1O,1.252
FQNP241,C=C1C(=O)OC2CC(C)=CCC(=O)C(C)(O)C(OC(C)=O)C(OC(=O)C(C)=CC)C12,C=C1C(=O)O[C@@H]2CC(C)=CCC(=O)[C@](C)(O)[C@H](OC(C)=O)[C@@H](OC(=O)C(C)=CC)[C@@H]12,3.283
FQNP240,C=C(C)C(=O)OC1C2C(=C)C(=O)OC2CC(C)=CCC(=O)C(C)(O)C1OC(C)=O,C=C(C)C(=O)O[C@H]1[C@H]2C(=C)C(=O)O[C@@H]2CC(C)=CCC(=O)[C@](C)(O)[C@@H]1OC(C)=O,3.067
FQNP161,C=C1C(=O)OC2CC(C)=CCC(=O)C(C)(O)C(OC(C)=O)C(OC(=O)C(C)=CC)C12,C=C1C(=O)O[C@@H]2CC(C)=CCC(=O)[C@](C)(O)[C@H](OC(C)=O)[C@@H](OC(=O)C(C)=CC)[C@@H]12,3.283
FQNP162,C=C1C(=O)OC2CC(C)=CCC(=O)C(C)(O)C(OC(C)=O)C(OC(=O)C(C)=CC)C12,C=C1C(=O)O[C@@H]2CC(C)=CCC(=O)[C@](C)(O)[C@H](OC(C)=O)[C@@H](OC(=O)C(C)=CC)[C@@H]12,3.283
FQNP82,CCCCCCCCCCCC(=O)OC1C(OC2C(C)OC3OC4C(OC(CCCCC)CCCCCCCCCC(=O)OC3C2O)OC(C)C(O)C4O)OC(C)C(OC2OC(C)C(OC(=O)C(C)CC)C(O)C2O)C1OC1OC(C)C(O)C(O)C1OC(=O)CCCCCCCCCC(CCCCC)OC1OC(C)C(O)C(O)C1OC1OC(C)C(OC2OC(C)C(OC3OC(C)C(OC(=O)C(C)CC)C(OC(=O)C=Cc4ccccc4)C3O)C(OC3CC(C)C(O)C(O)C3O)C2O)C(O)C1O,CCCCCCCCCCCC(=O)O[C@H]1[C@H](O[C@H]2[C@H](C)O[C@H]3O[C@@H]4[C@@H](O)[C@@H](O)[C@@H](C)O[C@H]4O[C@@H](CCCCC)CCCCCCCCCC(=O)O[C@@H]3[C@@H]2O)O[C@@H](C)[C@H](O[C@@H]2O[C@@H](C)[C@@H](OC(=O)C(C)CC)[C@@H](O)[C@H]2O)[C@H]1O[C@@H]1O[C@@H](C)[C@H](O)[C@@H](O)[C@H]1OC(=O)CCCCCCCCC[C@H](CCCCC)O[C@@H]1O[C@H](C)[C@H](O)[C@H](O)[C@H]1O[C@@H]1O[C@@H](C)[C@H](O[C@@H]2O[C@@H](C)[C@H](O[C@@H]3O[C@@H](C)[C@H](OC(=O)C(C)CC)[C@@H](OC(=O)/C=C/c4ccccc4)[C@H]3O)[C@@H](O[C@@H]3C[C@@H](C)[C@H](O)[C@@H](O)[C@H]3O)[C@H]2O)[C@@H](O)[C@H]1O,0.935
FQNP573,CCCCCCCCCCCC(=O)OC1C(OC2C(C)OC(OC3C(OC(CCCCC)CCCCCCCCCC(=O)OC4C(CO)OC(OC5C(OC6OC(C)C(OC(=O)C(C)CC)C(O)C6OC(=O)C=Cc6ccccc6)C(C)OC(OC6C(C)OC7OC8C(OC(CCCCC)CCCCCCCCCC(=O)OC7C6O)OC(C)C(O)C8O)C5OC(=O)CCCCCCCCCCC)C(O)C4O)OC(C)C(O)C3O)C(O)C2O)OC(C)C(OC2OC(C)C(OC(=O)C(C)CC)C(OC(=O)C=Cc3ccccc3)C2O)C1OC1OC(CO)C(O)C(O)C1O,CCCCCCCCCCCC(=O)O[C@H]1[C@H](O[C@H]2[C@H](C)O[C@@H](O[C@@H]3[C@@H](O)[C@@H](O)[C@@H](C)O[C@H]3O[C@@H](CCCCC)CCCCCCCCCC(=O)O[C@@H]3[C@@H](CO)O[C@@H](O[C@@H]4[C@@H](O[C@@H]5O[C@@H](C)[C@H](OC(=O)C(C)CC)[C@@H](O)[C@H]5OC(=O)/C=C/c5ccccc5)[C@H](C)O[C@@H](O[C@H]5[C@H](C)O[C@H]6O[C@@H]7[C@@H](O)[C@@H](O)[C@@H](C)O[C@H]7O[C@@H](CCCCC)CCCCCCCCCC(=O)O[C@@H]6[C@@H]5O)[C@@H]4OC(=O)CCCCCCCCCCC)[C@H](O)[C@H]3O)[C@H](O)[C@@H]2O)O[C@@H](C)[C@H](O[C@@H]2O[C@@H](C)[C@H](OC(=O)C(C)CC)[C@@H](OC(=O)/C=C/c3ccccc3)[C@H]2O)[C@H]1O[C@@H]1O[C@H](CO)[C@@H](O)[C@H](O)[C@H]1O,0.802
FQNP80,CCCCCCCCCCCC(=O)OC1C(O)C(C)OC(OC2C(C)OC(OC3C4OC(COC(C)=O)C(O)C3OC(=O)CC(OC3OC(C)C(O)C(O)C3O)CCCCCCCC(CCC)OC3OC(C)C(O)C(O)C3O4)C(OC(=O)C(C)CC)C2OC2OC(CO)C(O)C(O)C2OC2OC(C)C(O)C(OC(=O)C(C)CC)C2O)C1O,CCCCCCCCCCCC(=O)O[C@H]1[C@@H](O)[C@@H](C)O[C@@H](O[C@H]2[C@H](C)O[C@@H](O[C@H]3[C@H]4O[C@H](COC(C)=O)[C@@H](O)[C@@H]3OC(=O)C[C@@H](O[C@H]3O[C@@H](C)[C@H](O)[C@@H](O)[C@@H]3O)CCCCCCC[C@H](CCC)O[C@@H]3O[C@H](C)[C@@H](O)[C@H](O)[C@H]3O4)[C@H](OC(=O)C(C)CC)[C@@H]2O[C@@H]2O[C@H](CO)[C@@H](O)[C@H](O)[C@H]2O[C@@H]2O[C@H](C)[C@@H](O)[C@H](OC(=O)C(C)CC)[C@H]2O)[C@@H]1O,1.2
FQNP571,CCCCCCCCCC(=O)OC1C(OC2C(C)OC3OC4C(OC(CCCCC)CCCCCCCCCC(=O)OC3C2O)OC(C)C(O)C4O)OC(C)C(OC2OC(C)C(OC(=O)C(C)CC)C(O)C2OC(=O)C=Cc2ccccc2)C1OC1OC(CO)C(O)C(O)C1O,CCCCCCCCCC(=O)O[C@H]1[C@H](O[C@H]2[C@H](C)O[C@H]3O[C@@H]4[C@@H](O)[C@@H](O)[C@@H](C)O[C@H]4O[C@@H](CCCCC)CCCCCCCCCC(=O)O[C@@H]3[C@@H]2O)O[C@@H](C)[C@H](O[C@@H]2O[C@@H](C)[C@H](OC(=O)C(C)CC)[C@@H](O)[C@H]2OC(=O)/C=C/c2ccccc2)[C@H]1O[C@@H]1O[C@H](CO)[C@@H](O)[C@H](O)[C@H]1O,1.384
FQNP507,CCCCCCCCCC(=O)OC1C(OC2C(C)OC3OC4C(OC(CCCCC)CCCCCCCCCC(=O)OC2C3O)OC(C)C(O)C4O)OC(C)C(OC2OC(C)C(OC(=O)C(C)CC)C(O)C2O)C1OC1OC(C)C(O)C(O)C1O,CCCCCCCCCC(=O)O[C@H]1[C@H](O[C@H]2[C@H](C)O[C@H]3O[C@@H]4[C@@H](O)[C@@H](O)[C@@H](C)O[C@H]4O[C@@H](CCCCC)CCCCCCCCCC(=O)O[C@H]2[C@H]3O)O[C@@H](C)[C@H](O[C@@H]2O[C@@H](C)[C@H](OC(=O)C(C)CC)[C@@H](O)[C@H]2O)[C@H]1O[C@@H]1O[C@@H](C)[C@H](O)[C@@H](O)[C@H]1O,1.275
FQNP517,CC(=O)OC12C(OC(=O)C(C(C)C)N(C)C)C(C)C3(O)C4=C(CC(CO)=CC3C1(C)C2(C)C)C(=O)C(C)C4,CC(=O)O[C@@]12[C@H](OC(=O)C(C(C)C)N(C)C)[C@@H](C)[C@@]3(O)[C@@H](C=C(CO)CC4C(=O)C(C)=C[C@H]43)[C@]1(C)C2(C)C,1.793
FQNP268,C=C1CCC2(C)CCC3(C)C(CCC4C5(C)CCC(OC(C)=O)C(C)(C)C5CCC43C)C2C1C,C=C1CC[C@]2(C)CC[C@]3(C)[C@H](CC[C@@H]4[C@@]5(C)CC[C@H](OC(C)=O)C(C)(C)[C@@H]5CC[C@]43C)[C@H]2[C@@H]1C,3.129
FQNP565,CC(=O)OC1CCC2(C)C3CCC4(C)C(=CCC5(C(=O)O)CCC(C)(C)CC45)C3(C)CCC2C1(C)C,CC(=O)O[C@H]1CC[C@@]2(C)[C@@H](CC[C@@]3(C)C4=CC[C@@]5(C(=O)O)CCC(C)(C)C[C@H]5[C@]4(C)CC[C@@H]32)C1(C)C,2.906
FQNP349,C=C(C)C(C)CCC(C)C1CCC2(C)C3CCC4C(C)(C)C(OC(C)=O)CCC45CC35CCC12C,C=C(C)[C@@H](C)CC[C@@H](C)[C@H]1CC[C@@]2(C)C3CCC4C(C)(C)[C@@H](OC(C)=O)CC[C@@]45C[C@@]35CC[C@]12C,3.135
FQNP377,C=C1C(=O)OC2C1CCC(=C)C1CC(OC(=O)CC(C)C)C(=C)C12,C=C1C(=O)O[C@H]2C1CCC(=C)[C@@H]1C[C@H](OC(=O)CC(C)C)C(=C)[C@H]21,2.951
FQNP376,C=C1C(=O)OC2C1CCC(=C)C1CC(OC(=O)C(C)C)C(=C)C12,C=C1C(=O)O[C@H]2C1CCC(=C)[C@@H]1C[C@H](OC(=O)C(C)C)C(=C)[C@H]21,3.068
FQNP439,COc1cccc(OC)c1C(=O)OCc1ccccc1,COc1cccc(OC)c1C(=O)OCc1ccccc1,-0.264
FQNP441,COc1cccc(O)c1C(=O)OCc1ccccc1,COc1cccc(O)c1C(=O)OCc1ccccc1,0.051
FQNP442,COc1ccc(OC)c(C(=O)OCc2ccccc2)c1OC,COc1ccc(OC)c(C(=O)OCc2ccccc2)c1OC,-0.002
FQNP443,COc1ccc(O)c(C(=O)OCc2ccccc2)c1OC,COc1ccc(O)c(C(=O)OCc2ccccc2)c1OC,0.243
FQNP444,COc1cccc(COC(=O)c2c(OC)cccc2OC)c1,COc1cccc(COC(=O)c2c(OC)cccc2OC)c1,-0.361
FQNP440,COc1cccc(COC(=O)c2c(O)cccc2OC)c1,COc1cccc(COC(=O)c2c(O)cccc2OC)c1,-0.081
FQNP437,COc1cccc(OC)c1C(=O)OCc1cccc(O)c1,COc1cccc(OC)c1C(=O)OCc1cccc(O)c1,0.059
FQNP438,COc1ccccc1COC(=O)c1ccccc1O,COc1ccccc1COC(=O)c1ccccc1O,-0.193
FQNP207,CC(=O)OCC1(C)CCCC2(C)c3c(cc(C(C)C)c(O)c3O)C(=O)CC12,CC(=O)OC[C@]1(C)CCC[C@]2(C)c3c(cc(C(C)C)c(O)c3O)C(=O)CC21,2.386
FQNP198,O=C(OCC1OC(Oc2c(-c3ccc(O)c(O)c3)oc3cc(O)cc(O)c3c2=O)C(O)C(O)C1O)c1ccccc1,O=C(OC[C@H]1O[C@@H](Oc2c(-c3ccc(O)c(O)c3)oc3cc(O)cc(O)c3c2=O)[C@H](O)[C@@H](O)[C@H]1O)c1ccccc1,1.646
FQNP648,CCCCCCCCCCCCCCCCCCCCCCCC(=O)OCC(O)CO,CCCCCCCCCCCCCCCCCCCCCCCC(=O)OC[C@@H](O)CO,0.524
FQNP94,O=C(NC(COC(=O)C(Cc1ccccc1)NC(=O)c1ccccc1)Cc1ccccc1)c1ccccc1,O=C(NC(Cc1ccccc1)C(=O)OC[C@H](Cc1ccccc1)NC(=O)c1ccccc1)c1ccccc1,-0.142
FQNP123,CCCCCCCCCCCCCCCCCCCCCCCCCCCCCCOC(=O)C=Cc1ccc(O)cc1,CCCCCCCCCCCCCCCCCCCCCCCCCCCCCCOC(=O)C=Cc1ccc(O)cc1,0.297
FQNP122,CCCCCCCCCCCCCCCCCCCCCCCCCCCCOC(=O)C=Cc1ccc(O)cc1,CCCCCCCCCCCCCCCCCCCCCCCCCCCCOC(=O)C=Cc1ccc(O)cc1,0.311
FQNP121,CCCCCCCCCCCCCCCCCCCCCCCCCCOC(=O)C=Cc1ccc(O)cc1,CCCCCCCCCCCCCCCCCCCCCCCCCCOC(=O)C=Cc1ccc(O)cc1,0.328
FQNP609,CCCCCc1cc2c(c(O)c1C(=O)O)C1C=C(COC(C)=O)CCC1C(C)(C)O2,CCCCCc1cc2c(c(O)c1C(=O)O)[C@H]1C=C(COC(C)=O)CC[C@@H]1C(C)(C)O2,2.105
FQNP409,CC=C(C)C(=O)OCC(O)(COC(C)=O)c1ccc(C)cc1O,CC=C(C)C(=O)OCC(O)(COC(C)=O)c1ccc(C)cc1O,1.525
FQNP405,CC=C(C)C(=O)OCC(O)(COC(=O)C(C)=CC)c1ccc(C)cc1O,CC=C(C)C(=O)OCC(O)(COC(=O)C(C)=CC)c1ccc(C)cc1O,1.13
FQNP406,CC=C(C)C(=O)OCC(O)(CO)c1ccc(C)cc1O,CC=C(C)C(=O)OCC(O)(CO)c1ccc(C)cc1O,1.679
FQNP373,CC(=O)OCC(=O)c1ccc(C)cc1O,CC(=O)OCC(=O)c1ccc(C)cc1O,0.091
FQNP521,C=C(COC(C)=O)C1Cc2oc(cc2C=O)C2OC2(C)CC2OC(=O)C3(OC23)C(OC(C)=O)C1,C=C(COC(C)=O)[C@H]1Cc2oc(cc2C=O)[C@H]2O[C@]2(C)C[C@@H]2OC(=O)[C@]3(O[C@@H]23)[C@H](OC(C)=O)C1,3.039
FQNP518,CC(=O)OC12C(OC(=O)C(C(C)C)N(C)C)C(C)C3(O)C4=C(CC(CO)=CC3C1C2(C)C)C(=O)C(C)C4,CC(=O)OC12C(OC(=O)C(C(C)C)N(C)C)C(C)C3(O)C4=C(CC(CO)=CC3C1C2(C)C)C(=O)C(C)C4,2.226
FQNP519,CC(=O)OC12C(OC(=O)C(C(C)C)N(C)C)C(C)C3(O)C(C=C(CO)CC4(O)C(=O)C(C)=CC43)C1C2(C)C,CC(=O)OC12C(OC(=O)C(C(C)C)N(C)C)C(C)C3(O)C(C=C(CO)CC4(O)C(=O)C(C)=CC43)C1C2(C)C,2.768
FQNP509,CC(=O)OCC1=CCC2CCC(C)(O)C(CCC(C)=CCC1)C2(C)C,CC(=O)OC/C1=C\C[C@@H]2CC[C@](C)(O)[C@@H](CC/C(C)=C/CC1)C2(C)C,2.528
FQNP381,C=C1C(=O)OC2CC(COC(=O)CC(C)C)=CC=CC(C)CCC12,C=C1C(=O)O[C@@H]2C/C(COC(=O)CC(C)C)=C\C=C/C(C)CC[C@@H]12,2.397
FQNP382,C=C1C(=O)OC2CC(COC(=O)C(C)C)=CC=CC(C)CCC12,C=C1C(=O)O[C@@H]2C/C(COC(=O)C(C)C)=C\C=C/C(C)CC[C@@H]12,2.513
FQNP344,COC(=O)c1ccc(O)cc1,COC(=O)c1ccc(O)cc1,0.233
FQNP260,COC(=O)c1cc(O)c(O)c(O)c1,COC(=O)c1cc(O)c(O)c(O)c1,0.711
FQNP419,COC(=O)c1cccc2oc3cc(C)cc(O)c3c(=O)c12,COC(=O)c1cccc2oc3cc(C)cc(O)c3c(=O)c12,0.78
FQNP393,COC(=O)c1c(C)cc(O)cc1O,COC(=O)c1c(C)cc(O)cc1O,1.029
FQNP391,COC(=O)c1c(C)cc(O)c(C=O)c1O,COC(=O)c1c(C)cc(O)c(C=O)c1O,1.21
FQNP450,COC(=O)C12CCC3(C)C4=CCC(=O)OCC4(C(C)O)C(O)C(O)C3C1(C)CCC1(C)CC=C(C)CC12O,COC(=O)[C@@]12CC[C@@]3(C)C4=CCC(=O)OC[C@]4([C@@H](C)O)[C@@H](O)[C@@H](O)[C@@H]3[C@@]1(C)CC[C@@]1(C)CC=C(C)C[C@]12O,2.756
FQNP448,COC(=O)C12CCC3(C)C4=CCC(=O)OCC4(C(C)O)CC(O)C3C1(C)CCC1(C)CC=C(C)CC12O,COC(=O)[C@@]12CC[C@@]3(C)C4=CCC(=O)OC[C@]4([C@@H](C)O)C[C@@H](O)[C@@H]3[C@@]1(C)CC[C@@]1(C)CC=C(C)C[C@]12O,2.822
FQNP454,C=C1CCC2(C)CCC3(C)C4C(O)C(O)C5(C(C)O)COC(=O)C=CC5C4(C)CCC3(C(=O)OC)C2(O)C1,C=C1CC[C@]2(C)CC[C@]3(C)[C@H]4[C@H](O)[C@H](O)[C@@]5([C@@H](C)O)COC(=O)C=CC5[C@]4(C)CC[C@@]3(C(=O)OC)[C@]2(O)C1,3.366
FQNP456,COC(=O)C12CCC3(C)C4=CCC(=O)OCC4(C(C)O)CC(O)C3C1(C)CCC1(C)CCC(C)=CC12O,COC(=O)[C@@]12CC[C@@]3(C)C4=CCC(=O)OC[C@]4([C@@H](C)O)C[C@@H](O)[C@@H]3[C@@]1(C)CC[C@@]1(C)CCC(C)=C[C@@]21O,2.674
FQNP452,C=C1CCC2(C)CCC3(C)C4C(O)CC5(C(C)O)COC(=O)C=CC5C4(C)CCC3(C(=O)OC)C2(O)C1,C=C1CC[C@]2(C)CC[C@]3(C)[C@H]4[C@H](O)C[C@@]5([C@@H](C)O)COC(=O)C=CC5[C@]4(C)CC[C@@]3(C(=O)OC)[C@]2(O)C1,3.399
FQNP192,COC(=O)C12Oc3cccc(O)c3C(=O)C1=C(OC)OC=C(C)C2=O,COC(=O)[C@]12Oc3cccc(O)c3C(=O)C1=C(OC)OC=C(C)C2=O,1.282
FQNP53,C=CC(C)(C)C1(CC(NC(=O)C(O)Cc2ccccc2)C(=O)OC)C(=O)Nc2c(O)cccc21,C=CC(C)(C)[C@]1(CC(NC(=O)C(O)Cc2ccccc2)C(=O)OC)C(=O)Nc2c(O)cccc21,1.238
FQNP424,COC(=O)Cc1ccc(O)cc1,COC(=O)Cc1ccc(O)cc1,0.299
FQNP230,COC(=O)CC1C(C)(C)C(OC(C)=O)C2(O)C(=O)C1(C)C1CCC3(C)C(c4ccoc4)OC(=O)CC3C13OC23,COC(=O)C[C@H]1C(C)(C)[C@H](OC(C)=O)[C@@]2(O)C(=O)[C@]1(C)C1CC[C@]3(C)C(CC(=O)O[C@H]3c3ccoc3)[C@]13O[C@@H]32,2.958
FQNP229,COC(=O)CC1C(C)(C)C(OC(C)=O)C2(O)C=C3C4CC(=O)OC(c5ccoc5)C4(C)CCC3C1(C)C2=O,COC(=O)C[C@H]1C(C)(C)[C@H](OC(C)=O)[C@]2(O)C=C3C(CC[C@]4(C)C3CC(=O)O[C@H]4c3ccoc3)[C@@]1(C)C2=O,2.745
FQNP591,COC(=O)CC(C)CCC1C(C)=CCC2C(C)(C)CCCC12C,COC(=O)C[C@@H](C)CC[C@H]1C(C)=CC[C@H]2C(C)(C)CCC[C@@]21C,2.528
FQNP506,CCCCCCCCCCCC(=O)OC1C(OC2C(C)OC(OC3C(OC(CCCCC)CCCCCCCCCC(=O)OC)OC(C)C(O)C3O)C(O)C2O)OC(C)C(OC2OC(C)C(O)C(O)C2O)C1OC1OC(C)C(O)C(O)C1O,CCCCCCCCCCCC(=O)O[C@H]1[C@H](O[C@H]2[C@H](C)O[C@@H](O[C@@H]3[C@@H](O)[C@@H](O)[C@@H](C)O[C@H]3O[C@@H](CCCCC)CCCCCCCCCC(=O)OC)[C@H](O)[C@@H]2O)O[C@@H](C)[C@H](O[C@@H]2O[C@@H](C)[C@H](O)[C@@H](O)[C@H]2O)[C@H]1O[C@@H]1O[C@@H](C)[C@H](O)[C@@H](O)[C@H]1O,0.814
FQNP335,CCCCCC(CCCCCCCCCC(=O)OC)OC1OC(C)C(O)C(O)C1OC1OC(CO)C(O)C(O)C1OC1OC(C)C(OC2OC(C)C(O)C(O)C2O)C(CC2OC(CO)C(O)C(O)C2OC2OC(C)C(O)C(O)C2O)C1O,CCCCCC(CCCCCCCCCC(=O)OC)O[C@@H]1O[C@H](C)[C@@H](O)[C@H](O)[C@H]1O[C@@H]1O[C@H](CO)[C@@H](O)[C@H](O)[C@H]1O[C@@H]1O[C@@H](C)[C@H](O[C@@H]2O[C@H](C)[C@H](O)[C@H](O)[C@H]2O)[C@@H](C[C@@H]2O[C@H](CO)[C@@H](O)[C@H](O)[C@H]2O[C@@H]2O[C@H](C)[C@@H](O)[C@H](O)[C@H]2O)[C@H]1O,1.019
FQNP334,CCCC(CCCCCCCCCC(=O)OC)OC1OC(C)C(O)C(O)C1OC1OC(CO)C(O)C(O)C1OC1OC(C)C(OC2OC(C)C(O)C(O)C2O)C(CC2OC(CO)C(O)C(O)C2OC2OC(C)C(O)C(O)C2O)C1O,CCCC(CCCCCCCCCC(=O)OC)O[C@@H]1O[C@H](C)[C@@H](O)[C@H](O)[C@H]1O[C@@H]1O[C@H](CO)[C@@H](O)[C@H](O)[C@H]1O[C@@H]1O[C@@H](C)[C@H](O[C@@H]2O[C@H](C)[C@H](O)[C@H](O)[C@H]2O)[C@@H](C[C@@H]2O[C@H](CO)[C@@H](O)[C@H](O)[C@H]2O[C@@H]2O[C@H](C)[C@@H](O)[C@H](O)[C@H]2O)[C@H]1O,1.071
FQNP465,COC(=O)CC1CCCC(CCCCCCCCCCc2ccccc2)O1,COC(=O)CC1CCCC(CCCCCCCCCCc2ccccc2)O1,0.572
FQNP467,CCCCCCCCCCCCCCC1CCC(CC(=O)OC)O1,CCCCCCCCCCCCCCC1CCC(CC(=O)OC)O1,0.802
FQNP466,CCCCCCCCCCCCCC1CCCC(CC(=O)OC)O1,CCCCCCCCCCCCCC1CCCC(CC(=O)OC)O1,0.739
FQNP569,COC(=O)CC1(O)C=CC(=O)C=C1,COC(=O)CC1(O)C=CC(=O)C=C1,1.947
FQNP378,C=CC(OC(=O)C(C)C)c1ccc(OC(=O)C(C)C)c(OC)c1,C=CC(OC(=O)C(C)C)c1ccc(OC(=O)C(C)C)c(OC)c1,0.766
FQNP544,CC=C(C)C(=O)OC(C)(C)C1Cc2c(cc3oc(C)cc(=O)c3c2OC)O1,CC=C(C)C(=O)OC(C)(C)[C@@H]1Cc2c(cc3oc(C)cc(=O)c3c2OC)O1,2.608
FQNP476,Cc1ccc(C(C)C)c2cc(C(=O)O)ccc12,Cc1ccc(C(C)C)c2cc(C(=O)O)ccc12,0.269
FQNP261,O=C(O)c1cc(O)c(O)c(O)c1,O=C(O)c1cc(O)c(O)c(O)c1,0.981
FQNP266,COc1cccc(O)c1C(=O)O,COc1cccc(O)c1C(=O)O,0.619
FQNP267,COc1ccccc1C(=O)O,COc1ccccc1C(=O)O,-0.253
FQNP150,CCCCCCCCCCCCCCCCCCCc1cccc(O)c1C(=O)O,CCCCCCCCCCCCCCCCCCCc1cccc(O)c1C(=O)O,0.439
FQNP148,CCC=CCCCCCCCCCCCCCCCc1cccc(O)c1C(=O)O,CC/C=C\CCCCCCCCCCCCCCCc1cccc(O)c1C(=O)O,0.918
FQNP151,CCCCCCCCCCCCCCCc1cccc(O)c1C(=O)O,CCCCCCCCCCCCCCCc1cccc(O)c1C(=O)O,0.51
FQNP149,CCCCCCC=CCCCCCCCc1cccc(O)c1C(=O)O,CCCCCC/C=C\CCCCCCCc1cccc(O)c1C(=O)O,0.928
FQNP646,CC1(C)C=C2C3CCC4C5(C)CCC(O)C(C)(C)C5CCC4(C)C3(C)CCC2(C(=O)O)CC1,CC1(C)C=C2[C@H]3CC[C@@H]4[C@@]5(C)CC[C@H](O)C(C)(C)C5CC[C@@]4(C)[C@]3(C)CC[C@@]2(C(=O)O)CC1,2.733
FQNP154,CC1(C)CCC2(C(=O)O)CCC3(C)C(=CCC4C5(C)CCC(O)C(C)(C)C5CCC43C)C2C1,CC1(C)CC[C@]2(C(=O)O)CC[C@]3(C)C(=CCC4[C@@]5(C)CC[C@@H](O)C(C)(C)C5CC[C@]43C)C2C1,3.272
FQNP564,CC1(C)CCC2(C)CCC3(C)C4CCC5(C)C(C(=O)O)C(O)CCC5C4(C)CCC3(C)C2C1,CC1(C)CC[C@]2(C)CC[C@]3(C)C4CC[C@@]5(C)[C@@H](CC[C@H](O)[C@@H]5C(=O)O)[C@]4(C)CC[C@@]3(C)[C@@H]2C1,2.418
FQNP562,C=CC1C(C)(C(C)C(=O)O)CCC2C1(C)CCC1(C)C3CC(C)(C)CCC3(C)CCC21C,C=C[C@@H]1[C@@](C)(C(C)C(=O)O)CC[C@H]2[C@@]1(C)CC[C@@]1(C)[C@@H]3CC(C)(C)CC[C@]3(C)CC[C@]21C,2.499
FQNP265,CC1CCC2(C(=O)O)CCC3(C)C(=CCC4C5(C)CCC(O)C(C)(CO)C5CCC43C)C2C1C,C[C@@H]1[C@H]2C3=CC[C@@H]4[C@@]5(C)CC[C@@H](O)[C@](C)(CO)[C@@H]5CC[C@@]4(C)[C@]3(C)CC[C@@]2(C(=O)O)CC[C@H]1C,3.133
FQNP201,CC1CCC2(C(=O)O)CCC3(C)C(=CCC4C5(C)CCC(O)C(C)(C)C5CCC43C)C2C1C,C[C@@H]1[C@H]2C3=CC[C@@H]4[C@@]5(C)CC[C@H](O)C(C)(C)[C@@H]5CC[C@@]4(C)[C@]3(C)CC[C@@]2(C(=O)O)CC[C@H]1C,3.186
FQNP647,CC1CCC2(C(=O)O)CCC3(C)C(=CCC4C5(C)CCC(O)C(C)(C)C5CCC43C)C2C1C,C[C@@H]1[C@H]2C3=CC[C@@H]4[C@@]5(C)CC[C@H](O)C(C)(C)C5CC[C@@]4(C)[C@]3(C)CC[C@@]2(C(=O)O)CC[C@H]1C,3.186
FQNP637,C=C(C=O)C1CCC2(C(=O)O)CCC3(C)C(CCC4C5(C)CCC(O)C(C)(CO)C5CCC43C)C12,C=C(C=O)[C@@H]1CC[C@]2(C(=O)O)CC[C@]3(C)C(CCC4[C@@]5(C)CC[C@@H](O)[C@@](C)(CO)C5CC[C@]43C)C12,3.114
FQNP636,C=C(C)C1CCC2(C(=O)O)CCC3(C)C(CCC4C5(C)CCC(O)C(C)(CO)C5CCC43C)C12,C=C(C)[C@@H]1CC[C@]2(C(=O)O)CC[C@]3(C)C(CCC4[C@@]5(C)CC[C@@H](O)[C@](C)(CO)C5CC[C@]43C)C12,3.023
FQNP638,C=C(C)C1CCC2(C(=O)O)CCC3(C)C(CCC4C5(C)CCC6OC(C)(C)OCC6(C)C5CCC43C)C12,C=C(C)[C@@H]1CC[C@]2(C(=O)O)CC[C@]3(C)C(CCC4[C@@]5(C)CC[C@H]6OC(C)(C)OC[C@@]6(C)C5CC[C@]43C)C12,2.833
FQNP287,CC1(C(=O)O)CCCC2(C)C3CC4C5CC3(CCC12)CC45C,C[C@@]12CCC[C@@](C)(C(=O)O)[C@H]1CC[C@@]13C[C@@H]4[C@@H](C[C@H]12)[C@@]4(C)C3,3.388
FQNP49,C=CC(C)(C)C1(CC(NC(=O)C(O)Cc2ccccc2)C(=O)O)C(=O)Nc2ccccc21,C=CC(C)(C)[C@]1(CC(NC(=O)C(O)Cc2ccccc2)C(=O)O)C(=O)Nc2ccccc21,1.23
FQNP48,C=CC(C)(C)C1(CC(NC(=O)C(O)Cc2ccccc2)C(=O)O)C(=O)Nc2c(O)cccc21,C=CC(C)(C)[C@]1(CC(NC(=O)C(O)Cc2ccccc2)C(=O)O)C(=O)Nc2c(O)cccc21,1.364
FQNP50,C=CC(C)(C)c1[nH]c2ccccc2c1CC(NC(=O)C(O)Cc1ccccc1)C(=O)O,C=CC(C)(C)c1[nH]c2ccccc2c1CC(NC(=O)C(O)Cc1ccccc1)C(=O)O,1.066
FQNP418,O=C(O)Cc1ccc(O)cc1,O=C(O)Cc1ccc(O)cc1,0.369
FQNP590,CC1=CCC2C(C)(C)CCCC2(C)C1CCC(C)CC(=O)O,CC1=CC[C@H]2C(C)(C)CCC[C@]2(C)[C@H]1CC[C@H](C)CC(=O)O,2.74
FQNP592,CC(CCC1C(C)(O)CCC2C(C)(C)CCCC21C)CC(=O)O,C[C@H](CC[C@@H]1[C@@]2(C)CCCC(C)(C)[C@@H]2CC[C@@]1(C)O)CC(=O)O,2.574
FQNP79,CCCCCCC(CCCCCCCC(CC(=O)O)C1OC(C)C(O)C(O)C1O)OC1OC(C)C(O)C(O)C1OC1OC(CO)C(O)C(O)C1OC1OC(C)C(OC2OC(C)C(O)C(O)C2O)C(OC2OC(CO)C(O)C(O)C2OC2OC(C)C(O)C(O)C2O)C1O,CCCCCC[C@H](CCCCCCC[C@H](CC(=O)O)[C@H]1O[C@H](C)[C@@H](O)[C@H](O)[C@H]1O)O[C@@H]1O[C@H](C)[C@@H](O)[C@H](O)[C@H]1O[C@@H]1O[C@H](CO)[C@@H](O)[C@H](O)[C@H]1O[C@@H]1O[C@@H](C)[C@H](O[C@@H]2O[C@H](C)[C@H](O)[C@H](O)[C@H]2O)[C@@H](O[C@H]2O[C@@H](CO)[C@H](O)[C@@H](O)[C@@H]2O[C@H]2O[C@@H](C)[C@H](O)[C@@H](O)[C@@H]2O)[C@H]1O,0.919
FQNP78,CCCCCCC(CCCCCCCCCC(=O)O)OC1OC(C)C(O)C(O)C1OC1OC(CO)C(O)C(O)C1OC1OC(C)C(OC2OC(C)C(O)C(O)C2O)C(OC2OC(CO)C(O)C(O)C2OC2OC(C)C(O)C(O)C2O)C1O,CCCCCC[C@H](CCCCCCCCCC(=O)O)O[C@@H]1O[C@H](C)[C@@H](O)[C@H](O)[C@H]1O[C@@H]1O[C@H](CO)[C@@H](O)[C@H](O)[C@H]1O[C@@H]1O[C@@H](C)[C@H](O[C@@H]2O[C@H](C)[C@H](O)[C@H](O)[C@H]2O)[C@@H](O[C@H]2O[C@@H](CO)[C@H](O)[C@@H](O)[C@@H]2O[C@H]2O[C@@H](C)[C@H](O)[C@@H](O)[C@@H]2O)[C@H]1O,0.917
FQNP77,CCCCC(CCCCCCCCCC(=O)O)OC1OC(C)C(O)C(O)C1OC1OC(CO)C(O)C(O)C1OC1OC(C)C(OC2OC(C)C(O)C(O)C2O)C(OC2OC(CO)C(O)C(O)C2OC2OC(C)C(O)C(O)C2O)C1O,CCCC[C@H](CCCCCCCCCC(=O)O)O[C@@H]1O[C@H](C)[C@@H](O)[C@H](O)[C@H]1O[C@@H]1O[C@H](CO)[C@@H](O)[C@H](O)[C@H]1O[C@@H]1O[C@@H](C)[C@H](O[C@@H]2O[C@H](C)[C@H](O)[C@H](O)[C@H]2O)[C@@H](O[C@H]2O[C@@H](CO)[C@H](O)[C@@H](O)[C@@H]2O[C@H]2O[C@@H](C)[C@H](O)[C@@H](O)[C@@H]2O)[C@H]1O,0.936
FQNP332,CCCCCC(CCCCCCCCCC(=O)O)OC1OC(C)C(O)C(O)C1OC1CC(CO)C(C)C(O)C1OC1OC(C)C(OC2OC(C)C(O)C(O)C2O)C(O)C1O,CCCCCC(CCCCCCCCCC(=O)O)O[C@@H]1O[C@H](C)[C@@H](O)[C@H](O)[C@H]1O[C@@H]1C[C@H](CO)[C@@H](C)[C@H](O)[C@H]1O[C@@H]1O[C@@H](C)[C@H](O[C@@H]2O[C@H](C)[C@@H](O)[C@H](O)[C@H]2O)[C@@H](O)[C@H]1O,1.317
FQNP331,CCCCCC(CCCCCCCCCC(=O)O)OC1OC(C)C(O)C(O)C1OC1OC(CO)C(O)C(O)C1OC1OC(C)C(OC2OC(C)C(O)C(O)C2O)C(CC2OC(CO)C(O)C(O)C2OC2OC(C)C(O)C(O)C2O)C1O,CCCCCC(CCCCCCCCCC(=O)O)O[C@@H]1O[C@H](C)[C@@H](O)[C@H](O)[C@H]1O[C@@H]1O[C@H](CO)[C@@H](O)[C@H](O)[C@H]1O[C@@H]1O[C@@H](C)[C@H](O[C@@H]2O[C@H](C)[C@H](O)[C@H](O)[C@H]2O)[C@@H](C[C@@H]2O[C@H](CO)[C@@H](O)[C@H](O)[C@H]2O[C@@H]2O[C@H](C)[C@@H](O)[C@H](O)[C@H]2O)[C@H]1O,1.048
FQNP330,CCCC(CCCCCCCCCC(=O)O)OC1OC(C)C(O)C(O)C1OC1OC(CO)C(O)C(O)C1OC1OC(C)C(OC2OC(C)C(O)C(O)C2O)C(CC2OC(CO)C(O)C(O)C2OC2OC(C)C(O)C(O)C2O)C1O,CCCC(CCCCCCCCCC(=O)O)O[C@@H]1O[C@H](C)[C@@H](O)[C@H](O)[C@H]1O[C@@H]1O[C@H](CO)[C@@H](O)[C@H](O)[C@H]1O[C@@H]1O[C@@H](C)[C@H](O[C@@H]2O[C@H](C)[C@H](O)[C@H](O)[C@H]2O)[C@@H](C[C@@H]2O[C@H](CO)[C@@H](O)[C@H](O)[C@H]2O[C@@H]2O[C@H](C)[C@@H](O)[C@H](O)[C@H]2O)[C@H]1O,1.101
FQNP333,CCCCCC(CCCCCCCCCC(=O)O)OC1OC(CO)C(O)C(O)C1OC1OC(C)C(OC2OC(C)C(OC3OC(C)C(O)C(O)C3O)C(OC3OC(CO)C(O)C(O)C3O)C2O)C(O)C1O,CCCCCC(CCCCCCCCCC(=O)O)O[C@@H]1O[C@H](CO)[C@@H](O)[C@H](O)[C@H]1O[C@@H]1O[C@@H](C)[C@H](O[C@@H]2O[C@@H](C)[C@H](O[C@@H]3O[C@@H](C)[C@H](O)[C@@H](O)[C@H]3O)[C@@H](O[C@@H]3O[C@H](CO)[C@@H](O)[C@H](O)[C@H]3O)[C@H]2O)[C@@H](O)[C@H]1O,1.053
FQNP542,C=CC1C(OC2OC(CO)C(O)C(O)C2O)OC=C(C(=O)O)C1Cc1nccc2c1[nH]c1ccccc12,C=CC1C(O[C@@H]2O[C@H](CO)[C@@H](O)[C@H](O)[C@H]2O)OC=C(C(=O)O)C1Cc1nccc2c1[nH]c1ccccc12,2.098
FQNP343,CC1=c2c(C)c(O)c(C(=O)O)c(O)c2=COC1C,CC1=c2c(C)c(O)c(C(=O)O)c(O)c2=CO[C@@H]1C,1.065
FQNP304,CC1=c2c(C)c(O)c(C(=O)O)c(O)c2=COC1C,CC1=c2c(C)c(O)c(C(=O)O)c(O)c2=CO[C@H]1C,1.065
FQNP482,CC(C)C1CCC(C)(O)C2C=CC(C(=O)O)=CC12,CC(C)C1CC[C@](C)(O)C2C=CC(C(=O)O)=CC12,2.084
FQNP425,C=C(C(=O)O)C1CC(=O)C2=CCCC(C)C2(C)C1,C=C(C(=O)O)C1CC(=O)C2=CCCC(C)C2(C)C1,2.842
FQNP263,O=C(O)C=Cc1ccc(O)cc1,O=C(O)C=Cc1ccc(O)cc1,0.841
FQNP173,COc1cc(C=CC(=O)O)ccc1O,COc1cc(C=CC(=O)O)ccc1O,0.926
FQNP259,O=C(O)C=Cc1ccc(O)c(O)c1,O=C(O)C=Cc1ccc(O)c(O)c1,1.124
FQNP142,CC(=CCCC(C)C1CCC2(C)C3=CCC4C(C)(C)C(O)CCC4(C)C3CCC12C)C(=O)O,CC(=CCC[C@@H](C)[C@@H]1CC[C@]2(C)C3=CCC4C(C)(C)[C@H](O)CC[C@]4(C)[C@H]3CC[C@@]12C)C(=O)O,3.524
FQNP141,CC(=CCCC(C)C1CCC2(C)C3=CCC4C(C)(C)C(=O)CCC4(C)C3CCC12C)C(=O)O,CC(=CCC[C@@H](C)[C@@H]1CC[C@]2(C)C3=CCC4C(C)(C)C(=O)CC[C@]4(C)[C@H]3CC[C@@]12C)C(=O)O,3.554
FQNP153,CC(=CCCC(C)C1CCC2(C)C3=CCC4C(C)(C)C(O)CCC4(C)C3CCC12C)C(=O)O,CC(=CCC[C@H](C)[C@@H]1CC[C@]2(C)C3=CCC4C(C)(C)[C@H](O)CC[C@]4(C)C3CC[C@@]12C)C(=O)O,3.524
FQNP152,CC(=CCCC(C)C1CCC2(C)C3=CCC4C(C)(C)C(=O)CCC4(C)C3CCC12C)C(=O)O,CC(=CCC[C@H](C)[C@@H]1CC[C@]2(C)C3=CCC4C(C)(C)C(=O)CC[C@]4(C)C3CC[C@@]12C)C(=O)O,3.554
FQNP505,CCCCC=CC=CCC(=O)NCC(C)C,CCCCC=CC=CCC(=O)NCC(C)C,1.004
FQNP160,CC1(C)C=Cc2c(ccc(C(=O)CO)c2O)O1,CC1(C)C=Cc2c(ccc(C(=O)CO)c2O)O1,2.395
FQNP15,CC(=O)CCC1(C)C(C)CCC23COC(=O)C2=CC(OC2OC(CO)C(O)C(O)C2O)CC31,CC(=O)CC[C@]1(C)C2CC(O[C@@H]3O[C@H](CO)[C@@H](O)[C@H](O)[C@H]3O)=CC3C(=O)OC[C@]32CC[C@H]1C,3.056
FQNP457,CC(=O)CCCCCCCCCCc1ccc2c(c1)OCO2,CC(=O)CCCCCCCCCCc1ccc2c(c1)OCO2,0.393
FQNP458,CC(=O)CCCCCCCCCCCCc1ccc2c(c1)OCO2,CC(=O)CCCCCCCCCCCCc1ccc2c(c1)OCO2,0.36
FQNP470,CC(=O)CCCCCCCCCCCCCCc1ccccc1,CC(=O)CCCCCCCCCCCCCCc1ccccc1,0.215
FQNP459,CC(=O)CCCCCCCCCCCCCCc1ccc2c(c1)OCO2,CC(=O)CCCCCCCCCCCCCCc1ccc2c(c1)OCO2,0.332
FQNP460,CC(=O)CCCCCCCCCCCCCCCCc1ccc2c(c1)OCO2,CC(=O)CCCCCCCCCCCCCCCCc1ccc2c(c1)OCO2,0.309
FQNP463,CC(=O)CCCCCCCCCCCCCCC=Cc1ccc2c(c1)OCO2,CC(=O)CCCCCCCCCCCCCC/C=C/c1ccc2c(c1)OCO2,0.711
FQNP462,CC(=O)CCCCCCCCCCCCC=Cc1ccc2c(c1)OCO2,CC(=O)CCCCCCCCCCCC/C=C/c1ccc2c(c1)OCO2,0.766
FQNP461,CC(=O)CCCCCCCCCCC=Cc1ccc2c(c1)OCO2,CC(=O)CCCCCCCCCC/C=C/c1ccc2c(c1)OCO2,0.83
FQNP403,Cc1ccc(C(=O)CCC(=O)c2ccc(C)cc2O)c(O)c1,Cc1ccc(C(=O)CCC(=O)c2ccc(C)cc2O)c(O)c1,-0.07
FQNP568,CCC(=O)c1cc(OC)c(O)c(OC)c1O,CCC(=O)c1cc(OC)c(O)c(OC)c1O,0.916
FQNP199,CC(=O)c1ccc(OC2OC(CO)C(O)C(O)C2O)cc1,CC(=O)c1ccc(O[C@@H]2O[C@H](CO)[C@@H](O)[C@H](O)[C@H]2O)cc1,1.445
FQNP535,COc1cc2oc(=O)ccc2cc1C(C)=O,COc1cc2oc(=O)ccc2cc1C(C)=O,0.361
FQNP533,CC(=O)c1c(O)ccc2ccc(=O)oc12,CC(=O)c1c(O)ccc2ccc(=O)oc12,1.121
FQNP593,COc1cccc2ccc(C(C)=O)c(O)c12,COc1cccc2ccc(C(C)=O)c(O)c12,0.548
FQNP239,CC(=O)c1ccc2c(c1O)C=CC(C)(CO)O2,CC(=O)c1ccc2c(c1O)C=CC(C)(CO)O2,2.544
FQNP159,CC(=O)c1ccc2c(c1O)C=CC(C)(C)O2,CC(=O)c1ccc2c(c1O)C=CC(C)(C)O2,2.193
FQNP38,CC(=O)c1cc(C)c(O)c(C)c1O,CC(=O)c1cc(C)c(O)c(C)c1O,0.572
FQNP580,CCC(C)C(=O)C(C)c1cc(O)c(C)c(O)c1C=O,CCC(C)C(=O)C(C)c1cc(O)c(C)c(O)c1C=O,1.226
FQNP536,CC(=O)OC(C)(C)CCC(=O)C(C)(C)C1C(O)CC2(C)C3CCC4C(CC(O)C(C)C4(C)C)C3(C)C(=O)CC12C,CC(=O)OC(C)(C)CCC(=O)C(C)(C)[C@H]1C(O)C[C@@]2(C)C3CCC4[C@@H](CC(O)C(C)C4(C)C)C3(C)C(=O)CC12C,2.237
FQNP282,C=C(C)C(C)(C)CCC(C)C1CCC2(C)C3CCC4C(C)(C)C(C(=O)C=Cc5ccc(O)cc5)CCC45CC35CCC12C,C=C(C)C(C)(C)CC[C@@H](C)[C@H]1CC[C@@]2(C)C3CCC4C(C)(C)C(C(=O)C=Cc5ccc(O)cc5)CC[C@@]45C[C@@]35CC[C@]12C,2.413
FQNP468,CC(=O)C=CCCCCCCCCCCc1ccc2c(c1)OCO2,CC(=O)C=CCCCCCCCCCCc1ccc2c(c1)OCO2,0.843
FQNP464,CC(=O)C=CCCCCCCCCCCCCc1ccccc1,CC(=O)C=CCCCCCCCCCCCCc1ccccc1,0.719
FQNP469,CC(=O)C=CCCCCCCCCCCCCc1ccc2c(c1)OCO2,CC(=O)C=CCCCCCCCCCCCCc1ccc2c(c1)OCO2,0.778
FQNP115,C=CC(C)(O)CCCC(C)C(=O)C=CC(C)(C)O,C=CC(C)(O)CCCC(C)C(=O)/C=C/C(C)(C)O,2.227
FQNP139,CC1OC(Oc2cc(O)c3c(=O)c(OC4OC(C)C(O)C(O)C4O)c(-c4ccc(O)cc4)oc3c2)C(O)C(O)C1O,C[C@@H]1O[C@@H](Oc2cc(O)c3c(=O)c(O[C@@H]4O[C@@H](C)[C@H](O)[C@@H](O)[C@H]4O)c(-c4ccc(O)cc4)oc3c2)[C@H](O)[C@H](O)[C@H]1O,1.592
FQNP197,CC1OC(Oc2c(-c3ccc(O)c(O)c3)oc3cc(O)cc(O)c3c2=O)C(O)C(O)C1O,C[C@@H]1O[C@@H](Oc2c(-c3ccc(O)c(O)c3)oc3cc(O)cc(O)c3c2=O)[C@H](O)[C@H](O)[C@H]1O,2.165
FQNP652,O=C1CC(c2ccc(O)cc2)Oc2cc(OC3OC(CO)C(O)C(O)C3O)cc(O)c21,O=C1C[C@@H](c2ccc(O)cc2)Oc2cc(O[C@@H]3O[C@H](CO)[C@@H](O)[C@H](O)[C@H]3O)cc(O)c21,2.165
FQNP21,O=c1cc(-c2ccc(O)cc2)oc2cc(OC3OC(CO)C(O)C(O)C3O)cc(O)c12,O=c1cc(-c2ccc(O)cc2)oc2cc(O[C@@H]3O[C@H](CO)[C@@H](O)[C@H](O)[C@H]3O)cc(O)c12,1.934
FQNP88,COc1cc(=O)oc2c(OC3OC(CO)C(O)C(O)C3O)ccc(C)c12,COc1cc(=O)oc2c(O[C@@H]3O[C@H](CO)[C@@H](O)[C@H](O)[C@H]3O)ccc(C)c12,1.691
FQNP622,CC1=CC(OC2OC(CO)C(O)C(O)C2O)C(C(C)C)C(O)C1O,CC1=C[C@@H](O[C@@H]2O[C@H](CO)[C@@H](O)[C@H](O)[C@H]2O)[C@H](C(C)C)[C@@H](O)[C@H]1O,2.456
FQNP623,CC1=CC(OC2OC(CO)C(O)C(O)C2O)C(C(C)C)CC1O,CC1=C[C@@H](O[C@@H]2O[C@H](CO)[C@@H](O)[C@H](O)[C@H]2O)[C@H](C(C)C)C[C@H]1O,2.681
FQNP273,CCC(CCC(C)C1CCC2C3CC=C4CC(OC5OC(CO)C(O)C(O)C5O)CCC4(C)C3CCC12C)C(C)C,CC[C@H](CC[C@@H](C)[C@H]1CC[C@H]2[C@@H]3CC=C4C[C@@H](O[C@@H]5O[C@H](CO)[C@@H](O)[C@H](O)[C@H]5O)CC[C@]4(C)[C@H]3CC[C@@]21C)C(C)C,2.689
FQNP19,CC1CCC23COC(=O)C2=CC(OC2OC(CO)C(O)C(O)C2O)CC3C1(C)CCc1ccoc1,C[C@@H]1CC[C@@]23COC(=O)C2=CC(O[C@@H]2O[C@H](CO)[C@@H](O)[C@H](O)[C@H]2O)CC3[C@@]1(C)CCc1ccoc1,3.025
FQNP17,COc1oc(O)cc1CCC1(C)C(C)CCC23COC(=O)C2=CC(OC2OC(CO)C(O)C(O)C2O)CC31,COc1oc(O)cc1CC[C@]1(C)C2CC(O[C@@H]3O[C@H](CO)[C@@H](O)[C@H](O)[C@H]3O)=CC3C(=O)OC[C@]32CC[C@H]1C,2.676
FQNP16,CC1CCC23COC(=O)C2=CC(OC2OC(CO)C(O)C(O)C2O)CC3C1(C)CCc1ccoc1O,C[C@@H]1CC[C@@]23COC(=O)C2=CC(O[C@@H]2O[C@H](CO)[C@@H](O)[C@H](O)[C@H]2O)CC3[C@@]1(C)CCc1ccoc1O,2.783
FQNP196,O=c1c(OC2OC(CO)C(O)C(O)C2O)c(-c2ccc(O)c(O)c2)oc2cc(O)cc(O)c12,O=c1c(O[C@@H]2O[C@H](CO)[C@@H](O)[C@H](O)[C@H]2O)c(-c2ccc(O)c(O)c2)oc2cc(O)cc(O)c12,2.16
FQNP582,CC1OC(OC2C(CO)OC(OC3C(CO)OC(O)C(O)C3O)C(O)C2O)C(O)C(O)C1NC1C=C(CO)C(O)C(O)C1O,C[C@H]1O[C@H](O[C@@H]2[C@@H](CO)O[C@H](O[C@@H]3[C@@H](CO)O[C@@H](O)[C@H](O)[C@H]3O)[C@H](O)[C@H]2O)[C@H](O)[C@@H](O)[C@@H]1N[C@H]1C=C(CO)[C@@H](O)[C@H](O)[C@H]1O,1.829
FQNP195,O=c1c(OC2OC(CO)C(O)C(O)C2O)c(-c2ccc(O)c(O)c2)oc2cc(O)cc(O)c12,O=c1c(O[C@@H]2O[C@H](CO)[C@H](O)[C@H](O)[C@H]2O)c(-c2ccc(O)c(O)c2)oc2cc(O)cc(O)c12,2.16
FQNP294,CCCCC(C)C(OC(=O)CC(CC(=O)O)C(=O)O)C(OC(=O)CC(CC(=O)O)C(=O)O)C(C)CC(O)CCCCC(O)CC(O)C(C)N,CCCC[C@@H](C)[C@@H](OC(=O)CC(CC(=O)O)C(=O)O)[C@@H](OC(=O)CC(CC(=O)O)C(=O)O)[C@@H](C)C[C@H](O)CCCC[C@@H](O)C[C@H](O)[C@H](C)N,0.797
FQNP157,CC(OC(=O)C=Cc1cccc(O)c1)C(=O)C1CC1C(O)C1C=CCC(=O)O1,CC(OC(=O)/C=C\c1cccc(O)c1)C(=O)C1C[C@@H]1[C@H](O)[C@H]1C=CCC(=O)O1,1.666
FQNP156,COc1ccc(C=CC(=O)OC(C)C(=O)C2CC2C(O)C2C=CCC(=O)O2)cc1,COc1ccc(/C=C/C(=O)OC(C)C(=O)C2C[C@@H]2[C@H](O)[C@H]2C=CCC(=O)O2)cc1,1.431
FQNP155,CC(OC(=O)C=Cc1ccc(O)cc1)C(=O)C1CC1C(O)C1C=CCC(=O)O1,CC(OC(=O)C=Cc1ccc(O)cc1)C(=O)C1C[C@@H]1[C@H](O)[C@H]1C=CCC(=O)O1,1.69
FQNP158,COc1ccc(C=CC(=O)OC(C)C(=O)C2CC2C(O)C2C=CCC(=O)O2)cc1O,COc1ccc(/C=C/C(=O)OC(C)C(=O)C2C[C@@H]2[C@H](O)[C@H]2C=CCC(=O)O2)cc1O,1.66
FQNP33,CC1Cc2c(O)c(OC3OC(CO)C(O)C3O)cc(O)c2C(=O)O1,CC1Cc2c(O)c(O[C@H]3O[C@H](CO)[C@@H](O)[C@H]3O)cc(O)c2C(=O)O1,2.691
FQNP653,OCC1OC(OC2(CO)OC(CO)C(O)C2O)C(O)C(O)C1O,OC[C@H]1O[C@H](O[C@]2(CO)O[C@H](CO)[C@@H](O)[C@@H]2O)[C@H](O)[C@@H](O)[C@@H]1O,2.143
FQNP120,OCC1OC(OC2OC(CO)C(O)C(O)C2O)C(O)C(O)C1O,OC[C@H]1O[C@H](O[C@H]2O[C@H](CO)[C@@H](O)[C@H](O)[C@H]2O)[C@H](O)[C@@H](O)[C@@H]1O,1.579
FQNP39,CCCCC(OC1OC(CO)C(OC)C(OC)C1O)C1C=C(OC)CC(=O)O1,CCCC[C@H](O[C@@H]1O[C@H](CO)[C@@H](OC)[C@H](OC)[C@@H]1O)[C@@H]1C=C(OC)CC(=O)O1,1.991
FQNP59,COc1ccc(C=CC(=O)OC(C)C2CCC(C(O)C3C=CCC(=O)O3)O2)cc1,COc1ccc(/C=C\C(=O)O[C@@H](C)[C@@H]2CC[C@H]([C@H](O)[C@H]3C=CCC(=O)O3)O2)cc1,1.286
FQNP60,CC(OC(=O)C=Cc1ccc(O)cc1)C1CCC(C(O)C2C=CCC(=O)O2)O1,C[C@H](OC(=O)C=Cc1ccc(O)cc1)[C@@H]1CC[C@H]([C@H](O)[C@H]2C=CCC(=O)O2)O1,1.54
FQNP61,COc1ccc(C=CC(=O)OC(C)C2CCC(C(O)C3C=CCC(=O)O3)O2)cc1,COc1ccc(/C=C/C(=O)O[C@@H](C)[C@@H]2CC[C@H]([C@H](O)[C@H]3C=CCC(=O)O3)O2)cc1,1.286
FQNP62,CC(OC(=O)C=Cc1ccc(O)cc1)C1CCC(C(O)C2C=CCC(=O)O2)O1,C[C@H](OC(=O)C=Cc1ccc(O)cc1)[C@@H]1CC[C@H]([C@H](O)[C@H]2C=CCC(=O)O2)O1,1.54
FQNP63,CC(OC(=O)C=Cc1ccc(O)c(O)c1)C1CCC(C(O)C2C=CCC(=O)O2)O1,C[C@H](OC(=O)C=Cc1ccc(O)c(O)c1)[C@@H]1CC[C@H]([C@H](O)[C@H]2C=CCC(=O)O2)O1,1.642
FQNP291,Cc1ccc(C(C)C(C)CC(OC2OC(CO)C(O)C(O)C2OC2OCC(O)C(O)C2O)C(C)(C)O)cc1O,Cc1ccc(C(C)[C@H](C)C[C@@H](O[C@@H]2O[C@H](CO)[C@@H](O)[C@H](O)[C@H]2O[C@H]2OC[C@@H](O)[C@@H](O)[C@@H]2O)C(C)(C)O)cc1O,1.686
FQNP193,N#CC(OC1OC(CO)C(O)C(O)C1O)c1ccccc1,N#C[C@H](O[C@@H]1O[C@H](CO)[C@@H](O)[C@H](O)[C@H]1O)c1ccccc1,1.334
FQNP228,COc1cc(OOC2OCC(O)C(O)C2O)c2c(-c3ccc(O)c(O)c3)cc(=O)oc2c1,COc1cc(OO[C@@H]2OC[C@@H](O)[C@H](O)[C@H]2O)c2c(-c3ccc(O)c(O)c3)cc(=O)oc2c1,1.51
FQNP227,COc1cc(OOC2OCC(CO)C(O)C2O)c2c(-c3ccc(O)c(O)c3)cc(=O)oc2c1,COc1cc(OO[C@H]2OC[C@H](CO)[C@H](O)[C@H]2O)c2c(-c3ccc(O)c(O)c3)cc(=O)oc2c1,1.559
FQNP225,O=c1cc(-c2ccc(O)c(O)c2)c2c(OOC3OCC(O)C(O)C3O)cc(O)cc2o1,O=c1cc(-c2ccc(O)c(O)c2)c2c(OO[C@@H]3OC[C@@H](O)[C@H](O)[C@H]3O)cc(O)cc2o1,1.777
FQNP616,Cc1cc2c(C(C)C)ccc(C)c2cc1OCc1ccccc1,Cc1cc2c(C(C)C)ccc(C)c2cc1OCc1ccccc1,-0.019
FQNP137,COc1cc(OC2OC(COC3OCC(O)(CO)C3O)C(O)C(O)C2O)c2c(-c3ccc(O)c(O)c3)cc(=O)oc2c1,COc1cc(O[C@@H]2O[C@H](CO[C@@H]3OC[C@](O)(CO)[C@H]3O)[C@@H](O)[C@H](O)[C@H]2O)c2c(-c3ccc(O)c(O)c3)cc(=O)oc2c1,1.956
FQNP226,COc1cc(OC2OC(COC3OCC(O)C(O)C3O)C(O)C(O)C2O)c2c(-c3ccc(O)c(O)c3)cc(=O)oc2c1,COc1cc(O[C@@H]2O[C@H](CO[C@@H]3OC[C@@H](O)[C@H](O)[C@H]3O)[C@@H](O)[C@H](O)[C@H]2O)c2c(-c3ccc(O)c(O)c3)cc(=O)oc2c1,1.633
FQNP224,O=c1cc(-c2ccc(O)c(O)c2)c2c(OC3OC(COC4OCC(O)C(O)C4O)C(O)C(O)C3O)cc(O)cc2o1,O=c1cc(-c2ccc(O)c(O)c2)c2c(O[C@@H]3O[C@H](CO[C@@H]4OC[C@@H](O)[C@H](O)[C@H]4O)[C@@H](O)[C@H](O)[C@H]3O)cc(O)cc2o1,1.837
FQNP247,CC(C)=CCOc1c2ccoc2cc2oc(=O)ccc12,CC(C)=CCOc1c2ccoc2cc2oc(=O)ccc12,1.427
FQNP253,CC(C)(O)C(O)COc1c2ccoc2cc2oc(=O)ccc12,CC(C)(O)C(O)COc1c2ccoc2cc2oc(=O)ccc12,1.558
FQNP478,CC(C)=CCOc1ccc2ccc(=O)oc2c1,CC(C)=CCOc1ccc2ccc(=O)oc2c1,0.93
FQNP200,COc1ccc(OC2OC(CO)C(O)C(O)C2O)cc1,COc1ccc(O[C@@H]2O[C@H](CO)[C@@H](O)[C@H](O)[C@H]2O)cc1,1.661
FQNP124,COc1ccc(CO)cc1,COc1ccc(CO)cc1,0.231
FQNP109,COc1ccc(-c2cc(=O)c3c(O)cc(O)cc3o2)cc1,COc1ccc(-c2cc(=O)c3c(O)cc(O)cc3o2)cc1,1.123
FQNP222,COc1ccc(-c2oc3cc(O)cc(O)c3c(=O)c2O)cc1,COc1ccc(-c2oc3cc(O)cc(O)c3c(=O)c2O)cc1,1.313
FQNP242,COc1ccc2ccc(=O)oc2c1,COc1ccc2ccc(=O)oc2c1,0.409
FQNP539,COc1cc(OC2OC(CO)C(O)C(O)C2O)c2c(-c3ccc(O)c(O)c3)cc(O)cc2c1,COc1cc(OC2O[C@H](CO)[C@@H](O)[C@H](O)[C@H]2O)c2c(-c3ccc(O)c(O)c3)cc(O)cc2c1,1.806
FQNP540,COc1cc(OC2OC(CO)C(O)C(O)C2O)c2c(-c3ccc(O)c(O)c3)cc(O)cc2c1,COc1cc(OC2O[C@H](CO)[C@H](O)[C@H](O)[C@H]2O)c2c(-c3ccc(O)c(O)c3)cc(O)cc2c1,1.806
FQNP312,COc1cc(O)cc(CCc2ccc(O)cc2)c1,COc1cc(O)cc(CCc2ccc(O)cc2)c1,0.648
FQNP313,COc1cccc(CCc2cc(O)cc(OC)c2)c1,COc1cccc(CCc2cc(O)cc(OC)c2)c1,0.38
FQNP130,COc1cc(O)cc(CCc2cccc(O)c2)c1,COc1cc(O)cc(CCc2cccc(O)c2)c1,0.602
FQNP392,COc1cc(C)c2c(=O)c3c(O)cc(OC)cc3oc2c1,COc1cc(C)c2c(=O)c3c(O)cc(OC)cc3oc2c1,0.878
FQNP220,COc1cc(O)c2c(c1)OC(c1ccccc1)C(=O)C2O,COc1cc(O)c2c(c1)OC(c1ccccc1)C(=O)C2O,1.106
FQNP221,COc1cc(O)c2c(c1)OC(c1ccccc1)CC2=O,COc1cc(O)c2c(c1)OC(c1ccccc1)CC2=O,1.329
FQNP244,COc1ccc(-c2cc(=O)c3c(O)cc(OC)cc3o2)cc1,COc1ccc(-c2cc(=O)c3c(O)cc(OC)cc3o2)cc1,0.892
FQNP164,COc1cc(O)c2c(=O)cc(-c3ccc(O)cc3)oc2c1,COc1cc(O)c2c(=O)cc(-c3ccc(O)cc3)oc2c1,1.145
FQNP371,COc1cc(O)c2c(c1)CCc1cc(O)ccc1-2,COc1cc(O)c2c(c1)CCc1cc(O)ccc1-2,1.322
FQNP558,COc1ccc(C2COc3cc(O)ccc3C2)c(O)c1,COc1ccc([C@H]2COc3cc(O)ccc3C2)c(O)c1,1.285
FQNP249,COc1c2occc2cc2ccc(=O)oc12,COc1c2occc2cc2ccc(=O)oc12,1.258
FQNP107,COc1c2c(cc3ccoc13)C(=O)C1(O)c3cc4c(cc3OCC1O2)OCO4,COc1c2c(cc3ccoc13)C(=O)[C@@]1(O)c3cc4c(cc3OC[C@@H]1O2)OCO4,2.123
FQNP28,COC1=CC(=O)c2c(O)cc(OC)c3c2=C1CC1(C=3)C(OC)=CC(=O)c2c(O)cc(OC)cc21,COC1=CC(=O)c2c(O)cc(OC)c3c2=C1CC1(C=3)C(OC)=CC(=O)c2c(O)cc(OC)cc21,1.483
FQNP254,COc1c2ccoc2cc2oc(=O)ccc12,COc1c2ccoc2cc2oc(=O)ccc12,1.039
FQNP641,COc1cccc2c1cc1c3c(cc4c(c32)OCO4)C(=O)N1,COc1cccc2c1cc1c3c(cc4c(c32)OCO4)C(=O)N1,1.183
FQNP300,COc1cc(OC)c2c(O)c3c(c(OC)c2c1)OC(C)C(C)C3=O,COc1cc(OC)c2c(O)c3c(c(OC)c2c1)O[C@@H](C)C(C)C3=O,1.851
FQNP296,COc1cc(OC)c2c(O)c3c(c(OC)c2c1)OC(C)C(C)C3=O,COc1cc(OC)c2c(O)c3c(c(OC)c2c1)O[C@@H](C)C(C)C3=O,1.851
FQNP298,COc1cc(OC)c2c(O)c3c(c(OC)c2c1)OC(C)CC3=O,COc1cc(OC)c2c(O)c3c(c(OC)c2c1)O[C@@H](C)CC3=O,1.661
FQNP341,COc1cc(OC)c2c(O)c3c(=O)cc(C)oc3c(OC)c2c1,COc1cc(OC)c2c(O)c3c(=O)cc(C)oc3c(OC)c2c1,1.48
FQNP340,COc1cc(OC)c2c(O)c3c(=O)c(C)c(C)oc3c(OC)c2c1,COc1cc(OC)c2c(O)c3c(=O)c(C)c(C)oc3c(OC)c2c1,1.303
FQNP299,COc1cc(OC)c2c(O)c3c(cc2c1)OC(C)C(C)C3=O,COc1cc(OC)c2c(O)c3c(cc2c1)O[C@@H](C)C(C)C3=O,1.741
FQNP295,COc1cc(OC)c2c(O)c3c(cc2c1)OC(C)C(C)C3=O,COc1cc(OC)c2c(O)c3c(cc2c1)O[C@@H](C)C(C)C3=O,1.741
FQNP297,COc1cc(OC)c2c(O)c3c(cc2c1)OC(C)CC3=O,COc1cc(OC)c2c(O)c3c(cc2c1)O[C@@H](C)CC3=O,1.513
FQNP302,COc1cc(OC)c2c(O)c3c(=O)cc(C)oc3cc2c1,COc1cc(OC)c2c(O)c3c(=O)cc(C)oc3cc2c1,1.441
FQNP301,COc1cc(OC)c2c(O)c3c(=O)c(C)c(C)oc3cc2c1,COc1cc(OC)c2c(O)c3c(=O)c(C)c(C)oc3cc2c1,1.221
FQNP188,COc1cc(C)c2c(OC)cc(O)c3c2c1C(=O)OC3OC,COc1cc(C)c2c(OC)cc(O)c3c2c1C(=O)OC3OC,1.495
FQNP27,COC1=C2C3=c4c(c(O)cc(OC)c4=CC2(C)C(=O)C(=O)C1)C(=O)CC3OC,COC1=C2C3=c4c(c(O)cc(OC)c4=C[C@]2(C)C(=O)C(=O)C1)C(=O)CC3OC,1.561
FQNP621,COc1c2c(cc3c1OCO3)C(c1ccc3c(c1)OCO3)C1C(=O)OCC1C2,COc1c2c(cc3c1OCO3)C(c1ccc3c(c1)OCO3)C1C(=O)OCC1C2,1.596
FQNP172,C=CCc1cc(OC)c2c(c1)OCO2,C=CCc1cc(OC)c2c(c1)OCO2,1.028
FQNP218,COc1cc(O)cc2c1C(=O)C(O)C(c1ccccc1)O2,COc1cc(O)cc2c1C(=O)C(O)C(c1ccccc1)O2,2.002
FQNP321,COc1cc(O)cc2c1C(=O)OC(C)CCCCCCC2,COc1cc(O)cc2c1C(=O)O[C@H](C)CCCCCCC2,1.356
FQNP42,COc1cccc2c1C(=O)OC(C)C2,COc1cccc2c1C(=O)O[C@@H](C)C2,1.009
FQNP29,COC1=CC(=O)c2c(O)cc(OC)c3c2C1(O)COC3=O,COC1=CC(=O)c2c(O)cc(OC)c3c2[C@]1(O)COC3=O,2.533
FQNP30,COc1cc(=O)c2c(=O)cc(OC)c3c(O)occ1c32,COc1cc(=O)c2c(=O)cc(OC)c3c(O)occ1c32,0.735
FQNP187,C=c1cc(OC)c2c(=O)occ3c(OC)cc(O)c1c32,C=c1cc(OC)c2c(=O)occ3c(OC)cc(O)c1c32,1.134
FQNP219,COc1cc(O)cc2c1C(=O)CC(c1ccccc1)O2,COc1cc(O)cc2c1C(=O)CC(c1ccccc1)O2,1.595
FQNP307,COc1cc(O)cc2c1C(=O)CC(c1ccc(O)c(-c3c(O)cc4oc(-c5ccc(O)cc5)cc(=O)c4c3O)c1)O2,COc1cc(O)cc2c1C(=O)CC(c1ccc(O)c(-c3c(O)cc4oc(-c5ccc(O)cc5)cc(=O)c4c3O)c1)O2,1.642
FQNP543,COc1c2c(cc3oc(C)cc(=O)c13)OC(C(C)(C)O)C2,COc1c2c(cc3oc(C)cc(=O)c13)O[C@H](C(C)(C)O)C2,2.618
FQNP596,COc1cccc2c1C(=O)C1=C(CC(C)OC1C)C2(OC)c1ccc2cc3c(c(O)c2c1O)C(=O)CC(C)(O)C3,COc1cccc2c1C(=O)C1=C(C[C@H](C)O[C@@H]1C)C2(OC)c1ccc2cc3c(c(O)c2c1O)C(=O)C[C@@](C)(O)C3,1.637
FQNP594,COc1cc(OC)c2c(c1)C(OC)(c1ccc3cc4c(c(O)c3c1O)C(=O)CCC4)C1=C(C2=O)C(C)OC(C)C1,COc1cc(OC)c2c(c1)C(OC)(c1ccc3cc4c(c(O)c3c1O)C(=O)CCC4)C1=C(C2=O)[C@@H](C)O[C@@H](C)C1,1.331
FQNP597,COc1cccc2c1C(=O)C1=C(CC(C)OC1C)C2(OC)c1ccc2cc3cc(C)cc(O)c3c(O)c2c1O,COc1cccc2c1C(=O)C1=C(C[C@H](C)O[C@@H]1C)C2(OC)c1ccc2cc3cc(C)cc(O)c3c(O)c2c1O,1.368
FQNP598,COc1cccc2c1C(=O)C1=C(CC(C)OC1C)C2(OC)c1ccc2c(c1O)C(=O)c1c(O)cc(C)cc1C2=O,COc1cccc2c1C(=O)C1=C(C[C@H](C)O[C@@H]1C)C2(OC)c1ccc2c(c1O)C(=O)c1c(O)cc(C)cc1C2=O,1.427
FQNP595,COc1cc(OC)c2c(c1)C(OC)(c1ccc3c(c1O)C(=O)c1c(O)cc(C)cc1C3=O)C1=C(C2=O)C(C)OC(C)C1,COc1cc(OC)c2c(c1)C(OC)(c1ccc3c(c1O)C(=O)c1c(O)cc(C)cc1C3=O)C1=C(C2=O)[C@@H](C)O[C@@H](C)C1,1.448
FQNP223,COc1cc(O)cc2oc(-c3ccccc3)c(O)c(=O)c12,COc1cc(O)cc2oc(-c3ccccc3)c(O)c(=O)c12,1.357
FQNP388,COc1c(C2OCC3C(c4ccc5c(c4OC)OCO5)OCC23)ccc2c1OCO2,COc1c([C@H]2OC[C@@H]3[C@@H](c4ccc5c(c4OC)OCO5)OC[C@H]23)ccc2c1OCO2,0.823
FQNP14,COc1cc(-c2cc(=O)c3c(O)c(O)c(OC)cc3o2)ccc1Oc1ccc(-c2cc(=O)c3c(O)c(O)c(OC)cc3o2)cc1OC,COc1cc(-c2cc(=O)c3c(O)c(O)c(OC)cc3o2)ccc1Oc1ccc(-c2cc(=O)c3c(O)c(O)c(OC)cc3o2)cc1OC,0.518
FQNP386,COc1ccc(C2OCC3C(c4ccc5c(c4)OCO5)OCC23)cc1OC,COc1ccc([C@H]2OC[C@@H]3[C@@H](c4ccc5c(c4)OCO5)OC[C@H]23)cc1OC,0.749
FQNP385,COc1ccc(C2OCC3C(c4ccc5c(c4C)OCO5)OCC23)cc1OC,COc1ccc([C@H]2OC[C@@H]3[C@@H](c4ccc5c(c4C)OCO5)OC[C@H]23)cc1OC,1.087
FQNP311,COc1cc(CCc2ccc(OC)c(OC)c2)cc(OC)c1,COc1cc(CCc2ccc(OC)c(OC)c2)cc(OC)c1,0.075
FQNP22,COc1ccc(-c2cc(=O)c3c(O)c(O)c(OC)cc3o2)cc1OC,COc1ccc(-c2cc(=O)c3c(O)c(O)c(OC)cc3o2)cc1OC,0.985
FQNP503,COc1ccc(C2OCC3C(c4ccc5c(c4)OCO5)OCC23)cc1OC,COc1ccc(C2OCC3C(c4ccc5c(c4)OCO5)OCC23)cc1OC,0.749
FQNP131,COc1cc(O)c2c(=O)c(OC)c(-c3ccc(OC)c(OC)c3)oc2c1,COc1cc(O)c2c(=O)c(OC)c(-c3ccc(OC)c(OC)c3)oc2c1,0.989
FQNP243,COc1cc2ccc(=O)oc2cc1OC,COc1cc2ccc(=O)oc2cc1OC,0.547
FQNP105,C=C(C)C1Cc2c(ccc3c2OC2COc4cc(OC)c(OC)cc4C2C3=O)O1,C=C(C)[C@H]1Cc2c(ccc3c2O[C@@H]2COc4cc(OC)c(OC)cc4C2C3=O)O1,1.842
FQNP642,COc1cc2c3c(c(OC)c4c(OC)cccc4c3c1OC)NC2=O,COc1cc2c3c(c(OC)c4c(OC)cccc4c3c1OC)NC2=O,0.883
FQNP362,COc1cc(O)c2c(=O)c(O)c(-c3ccccc3)oc2c1OC,COc1cc(O)c2c(=O)c(O)c(-c3ccccc3)oc2c1OC,1.36
FQNP278,COc1cc(CCc2cc(O)c(OC)c(OC)c2)ccc1O,COc1cc(CCc2cc(O)c(OC)c(OC)c2)ccc1O,0.876
FQNP566,C=CCc1cc(OC)c(OC)c(OC)c1,C=CCc1cc(OC)c(OC)c(OC)c1,0.652
FQNP400,COc1c(O)cc2cc(OC)c3cc(O)ccc3c2c1OC,COc1c(O)cc2cc(OC)c3cc(O)ccc3c2c1OC,1.486
FQNP279,COc1cc2cc(OC)c3cccc(O)c3c2c(OC)c1OC,COc1cc2cc(OC)c3cccc(O)c3c2c(OC)c1OC,0.961
FQNP318,COc1c(O)cc2cc(OC)c3cccc(O)c3c2c1OC,COc1c(O)cc2cc(OC)c3cccc(O)c3c2c1OC,1.259
FQNP280,COc1c(O)cc2c(c1OC)-c1ccc(O)cc1CC2,COc1c(O)cc2c(c1OC)-c1ccc(O)cc1CC2,1.522
FQNP387,COc1cc(C2OCC3C(c4ccc5c(c4C)OCO5)OCC23)ccc1O,COc1cc([C@H]2OC[C@@H]3[C@@H](c4ccc5c(c4C)OCO5)OC[C@H]23)ccc1O,1.411
FQNP310,COc1cc(CCc2ccc(O)c(OC)c2)cc(OC)c1,COc1cc(CCc2ccc(O)c(OC)c2)cc(OC)c1,0.442
FQNP129,COc1cc(O)cc(CCc2ccc(O)c(OC)c2)c1,COc1cc(O)cc(CCc2ccc(O)c(OC)c2)c1,0.81
FQNP626,COc1cc(-c2cc(=O)c3c(O)cc(O)cc3o2)ccc1O,COc1cc(-c2cc(=O)c3c(O)cc(O)cc3o2)ccc1O,1.367
FQNP132,COc1cc(O)c2c(=O)c(OC)c(-c3ccc(O)c(OC)c3)oc2c1,COc1cc(O)c2c(=O)c(OC)c(-c3ccc(O)c(OC)c3)oc2c1,1.214
FQNP165,COc1cc(-c2oc3cc(O)cc(O)c3c(=O)c2O)ccc1O,COc1cc(-c2oc3cc(O)cc(O)c3c(=O)c2O)ccc1O,1.566
FQNP255,COc1cc2oc(=O)ccc2cc1O,COc1cc2oc(=O)ccc2cc1O,1.036
FQNP256,COc1cc2ccc(=O)oc2cc1O,COc1cc2ccc(=O)oc2cc1O,1.082
FQNP361,COc1c(-c2ccccc2)oc2c(OC)c(O)cc(O)c2c1=O,COc1c(-c2ccccc2)oc2c(OC)c(O)cc(O)c2c1=O,1.418
FQNP110,COc1ccc(-c2cc(=O)c3c(O)cc(O)cc3o2)cc1O,COc1ccc(-c2cc(=O)c3c(O)cc(O)cc3o2)cc1O,1.345
FQNP618,COc1cc(O)c2c(c1)OC(c1ccc(OC)c(O)c1)CC2=O,COc1cc(O)c2c(c1)OC(c1ccc(OC)c(O)c1)CC2=O,1.412
FQNP560,COc1ccc2c(c1O)OC1c3ccc(OC)c(O)c3OCC21,COc1ccc2c(c1O)O[C@H]1c3ccc(OC)c(O)c3OC[C@@H]21,1.83
FQNP559,COc1ccc2c(c1)OC1c3ccc(OC)c(O)c3OCC21,COc1ccc2c(c1)O[C@H]1c3ccc(OC)c(O)c3OC[C@@H]21,1.757
FQNP112,COc1ccc(-c2cc(=O)c3c(O)c(OC)c(O)cc3o2)cc1OC,COc1ccc(-c2cc(=O)c3c(O)c(OC)c(O)cc3o2)cc1OC,1.174
FQNP113,COc1cc(-c2cc(=O)c3c(O)c(OC)c(O)cc3o2)ccc1O,COc1cc(-c2cc(=O)c3c(O)c(OC)c(O)cc3o2)ccc1O,1.416
FQNP1,COc1ccc(-c2oc3cc(O)c(OC)c(O)c3c(=O)c2OC)cc1,COc1ccc(-c2oc3cc(O)c(OC)c(O)c3c(=O)c2OC)cc1,1.215
FQNP530,COc1c(O)cc2oc(-c3ccc(O)c(O)c3)c(O)c(=O)c2c1O,COc1c(O)cc2oc(-c3ccc(O)c(O)c3)c(O)c(=O)c2c1O,1.683
FQNP316,COc1cc2c(c(O)c1OC)-c1ccc(O)cc1CC2,COc1cc2c(c(O)c1OC)-c1ccc(O)cc1CC2,1.418
FQNP556,COc1ccc(C2COc3cc(O)ccc3C2)c(OC)c1O,COc1ccc(C2COc3cc(O)ccc3C2)c(OC)c1O,1.528
FQNP128,COc1cc2ccc3cc(O)ccc3c2c(OC)c1O,COc1cc2ccc3cc(O)ccc3c2c(OC)c1O,1.303
FQNP127,COc1cc2ccc3c(OC)c(O)ccc3c2c(OC)c1O,COc1cc2ccc3c(OC)c(O)ccc3c2c(OC)c1O,1.355
FQNP369,COc1cc2c(c(OC)c1O)-c1ccc(O)cc1CC2,COc1cc2c(c(OC)c1O)-c1ccc(O)cc1CC2,1.515
FQNP126,COc1cc2c(c(OC)c1O)-c1ccc(O)c(OC)c1CC2,COc1cc2c(c(OC)c1O)-c1ccc(O)c(OC)c1CC2,1.669
FQNP567,COc1cc(C2OCC3C(c4cc(OC)c(O)c(OC)c4)OCC23)cc(OC)c1O,COc1cc([C@H]2OC[C@@H]3[C@@H](c4cc(OC)c(O)c(OC)c4)OC[C@H]23)cc(OC)c1O,0.839
FQNP364,COc1cc(CCc2cc(OC)c(O)c(OC)c2)ccc1O,COc1cc(CCc2cc(OC)c(O)c(OC)c2)ccc1O,0.658
FQNP20,COc1cc2oc(-c3ccc(O)c(O)c3)cc(=O)c2c(O)c1O,COc1cc2oc(-c3ccc(O)c(O)c3)cc(=O)c2c(O)c1O,1.414
FQNP248,COc1ccc2ccc(=O)oc2c1CC=C(C)C,COc1ccc2ccc(=O)oc2c1CC=C(C)C,1.617
FQNP557,COc1c(CC=C(C)C)c(O)cc2c1-c1oc3cc(O)ccc3c1CO2,COc1c(CC=C(C)C)c(O)cc2c1-c1oc3cc(O)ccc3c1CO2,2.024
FQNP108,COc1cc2c(cc1-c1cc3cc4ccoc4cc3oc1=O)OCO2,COc1cc2c(cc1-c1cc3cc4ccoc4cc3oc1=O)OCO2,0.733
FQNP31,COC1=CC(=O)c2c(O)cc(OC)c(C)c2C1=O,COC1=CC(=O)c2c(O)cc(OC)c(C)c2C1=O,1.882
FQNP554,COC12CC3OC(C)(C1O)C1(O2)C(C)OC(O)CC31OC,CO[C@]12C[C@@H]3O[C@](C)([C@H]1O)[C@@]1(O2)[C@H](C)O[C@H](O)C[C@@]31OC,2.294
FQNP18,COc1cc(CCC2(C)C(C)CCC34COC(=O)C3=CC(OC3OC(CO)C(O)C(O)C3O)CC42)c(O)o1,COc1cc(CC[C@]2(C)C3CC(O[C@@H]4O[C@H](CO)[C@@H](O)[C@H](O)[C@H]4O)=CC4C(=O)OC[C@]43CC[C@H]2C)c(O)o1,2.679
FQNP44,COC1CC(=O)C2OC2(C)C1=O,COC1CC(=O)C2O[C@@]2(C)C1=O,2.461
FQNP7,COC1CC(=O)C2OC2(C)C1=O,COC1CC(=O)C2O[C@]2(C)C1=O,2.461
FQNP12,COC1CC(=O)C(Nc2ccccc2)C(C)(O)C1=O,COC1CC(=O)C(Nc2ccccc2)[C@@](C)(O)C1=O,0.929
FQNP45,COC1CC(=O)CC(C)(O)C1=O,COC1CC(=O)C[C@@](C)(O)C1=O,2.167
FQNP587,COc1oc(=O)c2c(O)c(C)cc3c2c1C=CC3OC,COc1oc(=O)c2c(O)c(C)cc3c2c1C=CC3OC,1.738
FQNP363,COC1=CC(=O)CC12CCc1cccc(O)c1C2=O,COC1=CC(=O)CC12CCc1cccc(O)c1C2=O,2.013
FQNP436,C=C(C)C1(O)OC(=O)C=C1OC,C=C(C)C1(O)OC(=O)C=C1OC,2.924
FQNP367,COc1cc(O)c2c(ccc3cc(O)ccc32)c1O,COc1cc(O)c2c(ccc3cc(O)ccc32)c1O,1.278
FQNP9,COC1=C(O)C(=O)C(O)=C(C)C1=O,COC1=C(O)C(=O)C(O)=C(C)C1=O,1.944
FQNP8,COC1=CC(=O)C(O)=C(C)C1=O,COC1=CC(=O)C(O)=C(C)C1=O,2.444
FQNP13,CCCCc1ccc(NC2=C(C)C(=O)C(OC)=CC2=O)cc1,CCCCc1ccc(NC2=C(C)C(=O)C(OC)=CC2=O)cc1,0.6
FQNP651,COC1C(O)C(O)C(O)C(O)C1O,COC1C(O)C(O)C(O)C(O)C1O,1.562
FQNP286,CC1(C)c2[nH]c3cc(Cl)ccc3c2CC23CN4CCCC4(CC21)C(=O)N3,CC1(C)c2[nH]c3cc(Cl)ccc3c2C[C@@]23CN4CCC[C@]4(C[C@@H]12)C(=O)N3,0.81
FQNP32,O=C1C=Cc2ccc(Cl)c(O)c2CO1,O=C1C=Cc2ccc(Cl)c(O)c2CO1,1.31
FQNP95,CC(=O)Cc1cc(O)c2c(O)c3c(O)c(Cl)c(O)cc3c(O)c2c1,CC(=O)Cc1cc(O)c2c(O)c3c(O)c(Cl)c(O)cc3c(O)c2c1,1.313
FQNP285,CC1(C)c2[nH]c3cc(Cl)c(Cl)cc3c2CC23CN4CCCC4(CC21)C(=O)N3,CC1(C)c2[nH]c3cc(Cl)c(Cl)cc3c2C[C@@]23CN4CCC[C@]4(C[C@@H]12)C(=O)N3,0.836
FQNP10,COC1CC(=O)C(Cl)C(C)(O)C1=O,COC1CC(=O)C(Cl)[C@@](C)(O)C1=O,1.793
FQNP511,CC1=CCC2CC=C(C)C(CCC(C)=CCC1)C2(C)C,CC1=CCC2CC=C(C)C(CCC(C)=CCC1)C2(C)C,2.252
FQNP512,C=C1CCC=C(C)CCC2=C(C)CCC(CC1)C2(C)C,C=C1CCC=C(C)CCC2=C(C)CCC(CC1)C2(C)C,2.658
FQNP504,C=C1CCC2OC2(C)CCC2C1CC2(C)C,C=C1CCC2OC2(C)CC[C@@H]2C1CC2(C)C,3.678
FQNP510,C=C1CCC2CC=C(C)CCC=C(C)CCC1C2(C)C,C=C1CCC2CC=C(C)CCC=C(C)CCC1C2(C)C,2.582
FQNP246,C=C1CCC2OC2(C)CCC2C1CC2(C)C,C=C1CCC2OC2(C)CCC2C1CC2(C)C,3.678
FQNP245,C=C1CCC=C(C)CCC2C1CC2(C)C,C=C1CCC=C(C)CCC2C1CC2(C)C,3.432
FQNP481,CC1=CCC(C(C)C)c2cc(C)c(C)cc21,CC1=CC[C@@H](C(C)C)c2cc(C)c(C)cc21,1.464
